Workbook

Sheet SỔ_THU_CHI
A1: Mã phiếu | B1: Ngày giờ | C1: Loại | D1: Mã khách hàng | E1: Tên khách hàng | F1: Mã hóa đơn | G1: Số tiền | H1: Ghi chú

Sheet DANH_MỤC
A1: Điều hướng nhanh
A2: Khách hàng | B2: KHÁCH HÀNG
A3: Hàng hóa | B3: Hàng Q302
A4: Hóa đơn chi tiết | B4: CHI TIẾT HÓA ĐƠN
A5: Công nợ | B5: CÔNG NỢ THEO HÓA ĐƠN
A6: Mẫu hóa đơn | B6: LÊN HÓA ĐƠN
A7: Sheet thao tác | B7: TẠO_HÓA_ĐƠN / PHIẾU_THU_CHI

Sheet PHIẾU_THU_CHI
A1: PHIẾU THU / CHI
A2: Loại | B2: receipt
A3: Mã khách hàng
A4: Mã hóa đơn
A5: Số tiền | B5: 0
A6: Phương thức | B6: Tiền mặt
A7: Ghi chú
A8: Chạy macro CreateVoucherFromForm

Sheet TẠO_HÓA_ĐƠN
A1: TẠO HÓA ĐƠN
A2: Mã khách hàng
A3: Tên khách hàng
A4: Ghi chú
A5: Mã SP | B5: Số lượng
A10: Chạy macro CreateInvoiceFromForm sau khi nhập xong

Sheet DASHBOARD
A1: 302 STORE MANAGER
A2: Tổng khách hàng | B2: =COUNTA('KHÁCH HÀNG'!B:B)-1 -> 946
A3: Tổng hàng hóa | B3: =COUNTA('Hàng Q302'!C:C)-1 -> 909
A4: Tổng hóa đơn | B4: =COUNTA('CÔNG NỢ THEO HÓA ĐƠN'!A:A)-1 -> 2
A5: Tổng công nợ | B5: =SUM('CÔNG NỢ THEO HÓA ĐƠN'!G:G)-SUM('CÔNG NỢ THEO HÓA ĐƠN'!H:H) -> 3988000
A6: Tổng doanh số | B6: =SUM('KHÁCH HÀNG'!H:H) -> 45451378
A7: Mở sheet MENU để điều hướng
A8: Bản này dùng kèm module VBA trong thư mục vba

Sheet MENU
A1: 302 STORE MANAGER VBA
A2: Mục | B2: Sheet | C2: Ghi chú
A3: Khách hàng | B3: KHÁCH HÀNG | C3: Dữ liệu khách
A4: Hàng hóa | B4: Hàng Q302 | C4: Danh mục bán hàng
A5: Hóa đơn | B5: CHI TIẾT HÓA ĐƠN | C5: Chi tiết bán hàng
A6: Công nợ | B6: CÔNG NỢ THEO HÓA ĐƠN | C6: Theo dõi phải thu
A7: Mẫu hóa đơn | B7: LÊN HÓA ĐƠN | C7: In/xem mẫu
A8: Hướng dẫn | B8: MENU | C8: Sheet điều hướng

Sheet LÊN HÓA ĐƠN
B1: Quầy 302 Hapulico
B2: Địa chỉ: Tòa nhà Hapulico, Thanh Xuân, Hà Nội
B3: Hotline: 0918377022
A5: HÓA ĐƠN BÁN HÀNG
A6: HD0029
A9: Mã khách hàng | B9: {=IFERROR(INDEX('KHÁCH HÀNG'!B:B, MATCH(B10, 'KHÁCH HÀNG'!C:C, 0)), "")} -> KH302775123
A10: Khách hàng: | B10: =IFERROR(__xludf.DUMMYFUNCTION("IFERROR(INDEX(FILTER('KHÁCH HÀNG'!C2:C996, ISNUMBER(SEARCH(C10, 'KHÁCH HÀNG'!C2:C996))), 1), """")"),"C Liên Nghệ An") -> C Liên Nghệ An | C10: C Liên Nghệ An
A11: Địa chỉ: | B11: {=IFERROR(INDEX('KHÁCH HÀNG'!E:E, MATCH(TRIM(B9), 'KHÁCH HÀNG'!B:B, 0)), "")} -> Số 425 đường Phủ Quỳ(gần Vincom),Thị Xã Thái Hòa,Nghệ An
A12: SĐT: | B12: {=IFERROR(INDEX('KHÁCH HÀNG'!D:D, MATCH(TRIM(B9), 'KHÁCH HÀNG'!B:B, 0))&"", "")} -> 984126238
A14: STT | B14: MÃ HÀNG | C14: TÊN HÀNG | D14: HÌNH ẢNH | E14: SỐ LƯỢNG | F14: ĐƠN GIÁ | G14: THÀNH TIỀN
A15: 1 | B15: {=IFERROR(INDEX('HÀNG HÓA'!C:C, MATCH(C15, 'HÀNG HÓA'!D:D, 0)), "")} -> SP64856123 | C15: Pharkavita extra hộp 60 viên | D15: {=IFERROR(INDEX('HÀNG HÓA'!E:E, MATCH(C15, 'HÀNG HÓA'!D:D, 0)), "")} -> 0 | E15: 2 | F15: {=IFERROR(INDEX('HÀNG HÓA'!F:F, MATCH(C15, 'HÀNG HÓA'!D:D, 0)), "")} -> 42000 | G15: =F15*E15 -> 84000
A16: 2 | B16: {=IFERROR(INDEX('HÀNG HÓA'!C:C, MATCH(C16, 'HÀNG HÓA'!D:D, 0)), "")} -> SP64856118 | C16: Men vi sinh TGS-Bio lacto hộp 20 ống 10ml | D16: {=IFERROR(INDEX('HÀNG HÓA'!E:E, MATCH(C16, 'HÀNG HÓA'!D:D, 0)), "")} -> 0 | E16: 5 | F16: {=IFERROR(INDEX('HÀNG HÓA'!F:F, MATCH(C16, 'HÀNG HÓA'!D:D, 0)), "")} -> 55000 | G16: =E16*F16 -> 275000
A17: 3 | B17: {=IFERROR(INDEX('HÀNG HÓA'!C:C, MATCH(C17, 'HÀNG HÓA'!D:D, 0)), "")} -> SP64856123 | C17: Pharkavita extra hộp 60 viên | D17: {=IFERROR(INDEX('HÀNG HÓA'!E:E, MATCH(C17, 'HÀNG HÓA'!D:D, 0)), "")} -> 0 | E17: 4 | F17: {=IFERROR(INDEX('HÀNG HÓA'!F:F, MATCH(C17, 'HÀNG HÓA'!D:D, 0)), "")} -> 42000 | G17: =E17*F17 -> 168000
A18: 4 | D18: {=IFERROR(INDEX('HÀNG HÓA'!E:E, MATCH(C18, 'HÀNG HÓA'!D:D, 0)), "")} | G18: =E18*F18 -> 0
A19: 5 | D19: {=IFERROR(INDEX('HÀNG HÓA'!E:E, MATCH(C19, 'HÀNG HÓA'!D:D, 0)), "")} | G19: =E19*F19 -> 0
A20: 6 | B20: {=IFERROR(INDEX('HÀNG HÓA'!C:C, MATCH(C20, 'HÀNG HÓA'!D:D, 0)), "")} | D20: {=IFERROR(INDEX('HÀNG HÓA'!E:E, MATCH(C20, 'HÀNG HÓA'!D:D, 0)), "")} | F20: {=IFERROR(INDEX('HÀNG HÓA'!F:F, MATCH(C20, 'HÀNG HÓA'!D:D, 0)), "")} | G20: =E20*F20 -> #VALUE!
A21: 7 | B21: {=IFERROR(INDEX('HÀNG HÓA'!C:C, MATCH(C21, 'HÀNG HÓA'!D:D, 0)), "")} | D21: {=IFERROR(INDEX('HÀNG HÓA'!E:E, MATCH(C21, 'HÀNG HÓA'!D:D, 0)), "")} | F21: {=IFERROR(INDEX('HÀNG HÓA'!F:F, MATCH(C21, 'HÀNG HÓA'!D:D, 0)), "")} | G21: =E21*F21 -> #VALUE!
A22: Tổng cộng: | G22: =SUM(G15:G21) -> #VALUE!
A23: Giảm giá:
A24: Thu khác:
A25: Nợ đơn cũ:
A26: Hàng mua hộ:
A27: Số tiền đã trả | G27: 0
A28: TỔNG THANH TOÁN: | G28: =G22-G23+G24+G25+G26-G27 -> #VALUE!
A32: KHÔNG NHẬN TRẢ HÀNG TRỪ TRƯỜNG HỢP LỖI TỪ NHÀ SẢN XUẤT VÀ QUẦY
A34: Ghi chú: | B34: {=IFERROR(INDEX('KHÁCH HÀNG'!F:F, MATCH(B9, 'KHÁCH HÀNG'!B:B, 0)), "")} -> CHUYỂN KHOẢN TRƯỚC XE BỒ CÂU CƯỚC KHÁCH TRẢ
A35: Quý khách vui lòng quay video khi nhận hàng để giải quyết khiếu nại nếu phát sinh.
A37: Mọi khiếu nại xin phản hồi trong vòng 7 ngày kể từ ngày nhận hàng.
A38: Sau thời gian này Quầy xin phép không giải quyết.

Sheet SỬA HÓA ĐƠN
A1: Quầy 302 Hapulico
A2: Địa chỉ: Tòa nhà Hapulico, Thanh Xuân, Hà Nội
A3: Hotline: 0855558886
A5: HÓA ĐƠN BÁN HÀNG
A6: HD0026
A9: Mã khách hàng | B9: KH302775136
A10: Khách hàng: | B10: A Định 1089 (N)
A11: Địa chỉ: | B11: {=IFERROR(INDEX('KHÁCH HÀNG'!E:E, MATCH(TRIM(B9), 'KHÁCH HÀNG'!B:B, 0)), "")} -> 785 TRƯƠNG ĐỊNH
A12: SĐT: | B12: {=IFERROR(INDEX('KHÁCH HÀNG'!D:D, MATCH(TRIM(B9), 'KHÁCH HÀNG'!B:B, 0))&"", "")} -> 914530918
A14: STT | B14: MÃ HÀNG | C14: TÊN HÀNG | D14: HÌNH ẢNH | E14: SỐ LƯỢNG | F14: ĐƠN GIÁ | G14: THÀNH TIỀN
B15: SP64856122
A22: Tổng cộng:
A23: Giảm giá:
A24: Thu khác:
A25: Nợ đơn cũ:
A26: Hàng mua hộ:
A27: Số tiền đã trả
A28: TỔNG THANH TOÁN:
A30: Tổng thanh toán bằng chữ: .......................................
A32: KHÔNG NHẬN TRẢ HÀNG TRỪ TRƯỜNG HỢP LỖI TỪ NHÀ SẢN XUẤT VÀ QUẦY
A34: Ghi chú:
A35: Quý khách vui lòng quay video khi nhận hàng để giải quyết khiếu nại nếu phát sinh.
A37: Mọi khiếu nại xin phản hồi trong vòng 7 ngày kể từ ngày nhận hàng.
A38: Sau thời gian này Quầy xin phép không giải quyết.

Sheet CHI TIẾT HÓA ĐƠN
A1: Mã hóa đơn | B1: Ngày giờ | C1: Mã khách hàng | D1: Tên Khách hàng | E1: Mã Sản phẩm | F1: Tên sản phẩm | G1: Số lượng | H1: Đơn giá | I1: Thành tiền | J1: Tổng tiền hóa đơn
A2: HD0027 | B2: 46126.442 | C2: KH302775137 | D2: NT Phượng Chín Yên Bái | E2: SP64856009 | F2: Cà Gai Leo tam thất - xạ đen_h50v_Rostex date 2/2028 ( ) | G2: 30 | H2: 52000 | I2: 1560000 | J2: 2714000
A3: HD0027 | B3: 46126.442 | C3: KH302775137 | D3: NT Phượng Chín Yên Bái | E3: SP64856070 | F3: 12B ginseng linzhi hộp 100 viên ( ) | G3: 5 | H3: 50000 | I3: 250000
A4: HD0027 | B4: 46126.442 | C4: KH302775137 | D4: NT Phượng Chín Yên Bái | E4: SP64856014 | F4: Biotin Nutriday Hàn Quốc hàng nhập khẩu ( ) | G4: 4 | H4: 226000 | I4: 904000
A5: HD0028 | B5: 46126.665 | C5: KH302775123 | D5: C Liên Nghệ An | E5: SP64856064 | F5: Đại tràng mộc hoa trắng lọ 30 viên ( ) | G5: 2 | H5: 60000 | I5: 120000 | J5: 1274000
A6: HD0028 | B6: 46126.665 | C6: KH302775123 | D6: C Liên Nghệ An | E6: SP64856070 | F6: 12B ginseng linzhi hộp 100 viên ( ) | G6: 5 | H6: 50000 | I6: 250000
A7: HD0028 | B7: 46126.665 | C7: KH302775123 | D7: C Liên Nghệ An | E7: SP64856014 | F7: Biotin Nutriday Hàn Quốc hàng nhập khẩu ( ) | G7: 4 | H7: 226000 | I7: 904000

Sheet CÔNG NỢ THEO HÓA ĐƠN
A1: Mã Hóa đơn | B1: Ngày | C1: Mã khách hàng | D1: Tên khách | E1: SĐT | F1: Ghi chú | G1: Khách cần trả | H1: Khách đã trả
A2: HD0027 | B2: 46126.442 | C2: KH302775137 | D2: NT Phượng Chín Yên Bái | E2: 779309888 | F2: GHTK THU COD FREESHIP | G2: 2714000 | H2: 0
A3: HD0028 | B3: 46126.665 | C3: KH302775123 | D3: C Liên Nghệ An | E3: 984126238 | F3: CHUYỂN KHOẢN TRƯỚC XE BỒ CÂU CƯỚC KHÁCH TRẢ | G3: 1274000 | H3: 0

Sheet KHÁCH HÀNG
A1: STT | B1: Mã khách hàng | C1: Tên khách hàng | D1: Điện thoại | E1: Địa chỉ | F1: Ghi chú | G1: Nợ cần thu hiện tại | H1: Tổng bán
A2: 1 | B2: KH302775137 | C2: NT Phượng Chín Yên Bái | D2: 779309888 | E2: thôn Liên Hiệp,Minh Quân,Trấn Yên,Yên Bái | F2: GHTK THU COD FREESHIP | G2: 4134000 | H2: 4134000
A3: 2 | B3: KH302775136 | C3: C Thanh Vui Nam Định | D3: 914530918 | E3: 785 TRƯƠNG ĐỊNH | F3: CHUYỂN KHOẢN TRƯỚC SHIP GẦN :XE A BÌNH 785 TRƯƠNG ĐỊNH(0912375710) 12H CHẠY FREESHIP | G3: 0 | H3: 10,200,000
A4: 3 | B4: KH302775135 | C4: Phạm văn duy | D4: 982004578 | E4: Thôn phạm xá | H4: 0
A5: 4 | B5: KH302775134 | C5: A Quyết Hưng Yên | D5: 989334611 | F5: XE PHƯƠNG LINH THU HỘ | G5: 0 | H5: 2,590,000
A6: 5 | B6: KH302775133 | C6: Đàm Thị Như Thi( Quầy Thuốc Đoàn Thi) | D6: 388653414 | E6: Thôn cây hồng xã chi lăng tỉnh lạng sơn | G6: 7940000 | H6: 7940000
A7: 6 | B7: KH302775132 | C7: C hiền | D7: 986140581 | E7: Nghĩa vũ dục tú đông anh hà nội | H7: 0
A8: 7 | B8: KH302775131 | C8: Quầy thuốc Quang Thương | D8: 978794813 | E8: Xóm 1 | H8: 0
A9: 8 | B9: KH302775130 | C9: Bích Huyền | D9: 763396463 | E9: Trường mầm non Phú Long ấp 4 Rạch Gừa xã Phú Long huyện Bình Đại tỉnh Bến Tre | H9: 0
A10: 9 | B10: KH302775129 | C10: Như Phụng | D10: 385424789 | E10: Đại lý Phụng Loan, ấp Cà Dâm | H10: 0
A11: 10 | B11: KH302775128 | C11: Vy Vy | D11: 338531802 | E11: Tổ 6 khu vực 6 ( ngay cầu thồ lồ cũ ) | H11: 0
A12: 11 | B12: KH302775127 | C12: khách le | G12: 0 | H12: 0
A13: 12 | B13: KH302775126 | C13: Ngavq | D13: 939388686 | E13: Ngõ 31 hoàng cầu ngách 34 số nhà A7 tập thể bộ công an | H13: 0
A14: 13 | B14: p | C14: yoiuoiu | H14: 0
A15: 14 | B15: KH302775125 | C15: Tiệp | D15: 942787805 | E15: Cty dfzin đường n4 khu công nghiệp hòa xá | G15: 0 | H15: 0
A16: 15 | B16: KH302775124 | C16: tiên | D16: 347850426 | E16: phù yên | H16: 0
A17: 16 | B17: KH302775123 | C17: C Liên Nghệ An | D17: 984126238 | E17: Số 425 đường Phủ Quỳ(gần Vincom),Thị Xã Thái Hòa,Nghệ An | F17: CHUYỂN KHOẢN TRƯỚC XE BỒ CÂU CƯỚC KHÁCH TRẢ | G17: 1274000 | H17: 1274000
A18: 17 | B18: KH302775122 | C18: Nguyễn Trọng Nguyễn | D18: 941252562 | E18: 55, kênh 7, ấp Phủ Thờ | H18: 0
A19: 18 | B19: KH302775121 | C19: C Ly Hậu Giang | D19: 0789 539 737 | E19: 29b Nguyễn Thị Minh Khai,Phường IV,thành phố Vị Thanh,Hậu Giang | F19: GHTK THU COD KHÔNG CHO ĐƠN HÀNG TIÊM ĐÓNG CẨN THẬN | G19: 0 | H19: 3,069,000
A20: 19 | B20: KH302775120 | C20: tóc đẹp ngọc khải | D20: 964405148 | E20: 55 đường Nguyễn Thị Định | H20: 0
A21: 20 | B21: KH302775119 | C21: Hải Nguyễn | D21: 989809993 | E21: Khu phố ngọc khám phường gia đông | G21: 0 | H21: 0
A22: 21 | B22: KH302775118 | C22: Lăng Thị Hệ | D22: 961895128 | E22: Căn 1806, Toà CT2, Chung cư Iris Garden, P. Trần Hữu Dực , Cầu Diễn , Nam Từ Liêm , HN | H22: 0
A23: 22 | B23: KH302775117 | C23: Hoài Trần | D23: 326792288 | E23: Số 2 ngõ 100 Tân Khai | H23: 0
A24: 23 | B24: KH302775116 | C24: ân | D24: 902750998 | E24: 124/3/1 tan chánh hiệp 35 kp37 | H24: 0
A25: 24 | B25: KH302775115 | C25: A nghĩa Phú Quốc | D25: 345366148 | E25: KHU PHỐ 6 NHÀ TRỌ THẢO LINH THÀNH PHỐ PHÚ QUỐC DƯƠNG ĐÔNG | F25: GHTK CHUYỂN KHOẢN TRƯỚC CƯỚC KHÁCH TRẢ | G25: 0 | H25: 14,100,000
A26: 25 | B26: KH302775114 | C26: Vũ | D26: 333048683 | E26: 16 Tân Thới Nhì 35, Dân Thắng 1 | H26: 0
A27: 26 | B27: KH302775113 | C27: Mai Đình Chương | D27: 939600838 | E27: 180/5 Song Hành,Trung Chánh, Bà Điểm, TpHCM | H27: 0
A28: 27 | B28: KH302775112 | C28: Ân | D28: 818888021 | E28: chùa pháp hoa | H28: 0
A29: 28 | B29: KH302775111 | C29: DAT | D29: 344231642 | E29: ÂP RẠCH TRÚC Xã TRUNG THÀNH | H29: 0
A30: 29 | B30: KH302775110 | C30: Đinh Phong | D30: 939467258 | E30: 384/40/9 Lý Thái Tổ | H30: 0
A31: 30 | B31: KH302775109 | C31: C Hương Phú Quốc | D31: 344757637 | E31: Bún quậy kiến xây khu phố 9,phường dương đông,đặc khu Phú Quốc,Kiên Giang | F31: CK TRƯỚC GHTK CƯỚC KHÁCH TRẢ | G31: 0 | H31: 41,700,000
A32: 31 | B32: KH302775108 | C32: Vo Thuong | D32: 913656729 | E32: Đồng chúp | H32: 0
A33: 32 | B33: KH302775107 | C33: Lợi | D33: 375513446 | E33: Thọ nghĩa , phước nghĩa,tuy phước ,bình đinh | H33: 0
A34: 33 | B34: KH302775106 | C34: Mỹ Tiên Phú Yên | D34: 395665268 | E34: khu phố Phú Thọ 2,phường Hòa Hiệp Trung,thị xã Đông Hòa,Phú Yên | F34: GHTK CHUYỂN KHOẢN CƯỚC KHÁCH TRẢ | G34: 0 | H34: 1,410,000
A35: 34 | B35: KH302775105 | C35: C Hòa Mê Linh | D35: 977509564 | E35: Xóm 6, hoàng kim, mê linh, Hà Nội | F35: THU HỘ XE LỢI HÀ | G35: 0 | H35: 3,925,000
A36: 35 | B36: KH302775104 | C36: Lê Thanh NHÂN | D36: 372178598 | E36: Chợ bình phú | H36: 0
A37: 36 | B37: KH302775103 | C37: Phương Thảo Nghệ An | D37: 394251789 | E37: số 81 Nguyễn Trãi,Tân Kỳ,Nghệ An | F37: GHTK | G37: 0 | H37: 1,677,000
A38: 37 | B38: KH302775102 | C38: C Mai Nam Định | D38: 399274151 | E38: xóm Tân TIến,Giao Tân,Giao Thủy,Nam Định | F38: GHTK | G38: 0 | H38: 3,950,000
A39: 38 | B39: KH302775101 | C39: An Nguyên | D39: 784228785 | E39: 26/18/8 Trường chinh | H39: 0
A40: 39 | B40: KH302775100 | C40: Tran Nam | D40: 942561245 | E40: 151 nguyễn đức cảnh | H40: 0
A41: 40 | B41: KH302775099 | C41: Đinh Thị Ngọc Anh | D41: 348623389 | E41: Km 48 thôn 2 Minh Phú | H41: 0
A42: 41 | B42: KH302775098 | C42: Quầy thuốc thiên hương 2 | D42: 974248193 | E42: Số 96, cửu việt 2, trâu quỳ, gia lâm, hà nội | G42: 0 | H42: 1,130,000
A43: 42 | B43: KH302775097 | C43: Le Anh | D43: 983858042 | E43: Số 52 đường 30/4 | H43: 0
A44: 43 | B44: KH302775096 | C44: C Hoa Hòa Bình | D44: 965157093 | E44: Nhà thuốc bình thái. Ngã 3 đồi sim. Thôn hợp thung. Xã thanh sơn. Huyện lương sơn. Hoà bình. | F44: GHTK | G44: 0 | H44: 2,423,000
A45: 44 | B45: KH302775095 | C45: võ sĩ nhân | D45: 982235882 | E45: khóm 3 thị trấn tam bình huyện tam bình | H45: 0
A46: 45 | B46: KH302775094 | C46: Nguyễn khăc điệp | D46: 913077006 | E46: Chung cư CT01 phong bắc.hòa thọ đông.quận cẩm lệ | H46: 0
A47: 46 | B47: KH302775093 | C47: Quầy Thuốc Hiếu Quyên Đồng THáp | D47: 383371828 | E47: Ấp 4, xã Hoà Bình | F47: GHTK THU HỘ | G47: 0 | H47: 2,399,000
A48: 47 | B48: KH302775092 | C48: Jeremy Farren | D48: 902950235 | E48: Valora Kikyo, 22H Duong 14 | H48: 0
A49: 48 | B49: KH302775091 | C49: Hoà | D49: 971623365 | E49: 442 đại kim hoàng mai hà nội viện y học cổ truyền quân đội | H49: 0
A50: 49 | B50: KH302775090 | C50: khách lấy Vivita E Hà Đông | D50: 822444417 | E50: số 153 hà trì 2 ( gửi nhờ quán Phú Gia cơm đảo ngan ), hà cầu, hà đông, hà nội. | F50: SHIP GẦN | G50: 0 | H50: 4,000,000
A51: 50 | B51: KH302775089 | C51: NGUYÊN CÔNG THÁNG | D51: 366081071 | E51: Tòa VTI building - Mễ Trì Hạ - Nam Từ Liêm - Hà Nội | H51: 0
A52: 51 | B52: KH302775088 | C52: c Kim Thu Phú Xuyên | D52: 359247567 | E52: Số nhà 56 thôn cổ trai đại xuyên phú xuyên hà nội | F52: CHUYỂN KHOẢN TRƯỚC GỬI XE ĐẮC HÙNG HOẶC CƯỜNG THẢO FREESHIP | G52: 0 | H52: 17,780,000
A53: 52 | B53: KH302775087 | C53: Trần minh hiếu | D53: 932522644 | E53: 16 hùng vương | H53: 0
A54: 53 | B54: KH302775086 | C54: A Minh Quân Hà Đông | D54: 838801179 | E54: tòa CT3 the pride, la khê, hà đông, hà nội | F54: SHIP GẦN | G54: 0 | H54: 6,720,000
A55: 54 | B55: KH302775085 | C55: Bảo bình | D55: 398883058 | E55: Thôn Mỹ Tường | H55: 0
A56: 55 | B56: KH302775084 | C56: Vũ hoàng | D56: 983105219 | E56: Chung cư sunshine garden, duong duong van bé | H56: 0
A57: 56 | B57: KH302775083 | C57: C Tuyến Châu Khê Bắc Ninh | D57: 917338054 | E57: khu phố đồng phúc châu khê từ sơn bắc ninh | F57: GỬI XE HAPU THU HỘ | G57: 0 | H57: 1,070,000
A58: 57 | B58: KH302775082 | C58: Em Yến Thanh Hóa | D58: 343843136 | E58: Phố Tân Dân,Đông Tân,TP Thanh Hóa(cầu đỏ bờ sông) | F58: GHTK THU COD | G58: 0 | H58: 6,302,000
A59: 58 | B59: KH302775081 | C59: A Kiệt Võ Khánh Hòa | D59: 855955958 | E59: 499 Thống Nhất, Phường Phan Rang, tỉnh Khánh Hoà | F59: GHTK | G59: 0 | H59: 16,346,000
A60: 59 | B60: KH302775080 | C60: C Thanh Trúc HCM | D60: 778805039 | E60: 77/28 Đường số 3,P9,Gò Vấp,Hồ Chí Minh | F60: GHTK THU COD CƯỚC KHÁCH TRẢ | G60: 0 | H60: 2,237,000
A61: 60 | B61: KH302775079 | C61: Đinh Anh Nhân Hòa | D61: 389210423 | E61: Số 3 Nhân Hòa,Thanh Xuân,Hà Nội | F61: CHUYỂN KHOẢN TRƯỚC SHIP GẦN | G61: 0 | H61: 2,169,000
A62: 61 | B62: KH302775078 | C62: A Tùng Định Công(lấy lisa) | D62: 385843187 | E62: chung cư G5 , đường nguyễn cảnh dị , định công , hà nội | F62: CHUYỂN KHOẢN TRƯỚC SHIP GẦN | G62: 0 | H62: 2,900,000
A63: 62 | B63: KH302775077 | C63: C Hồng Vy Nha Trang | D63: 778779686 | E63: cổng số 6 chợ đầm,phường nha trang | F63: GHTK CHUYỂN KHOẢN CƯỚC KHÁCH TRẢ 6/2 hương lộ ngọc hiệp,phường ngọc hiệp,nha trang 0906410549 | G63: 0 | H63: 10,814,000
A64: 63 | B64: KH302775076 | C64: C Bích Phương Đồng Nai | D64: 334508864 | E64: số 15,khu y1,ấp 2,xã Xuân Quế,huyện Cẩm Mỹ,tỉnh Đồng Nai | F64: GHTK THU COD CƯỚC KHÁCH TRẢ | G64: 0 | H64: 1,002,000
A65: 64 | B65: KH302775075 | C65: anh Bình Ba Vì | D65: 382844489 | E65: Ngã tư Mơ,Vạn Thắng,Ba Vì,Hà Nội | F65: XE TUẤN HÙNG THU HỘ | G65: 0 | H65: 24,010,000
A66: 65 | B66: KH302775074 | C66: C Duyên Nghệ An | D66: 366193451 | E66: 98 Nguyễn Chí Thanh,xã Hưng Đông,tp Vinh Nghệ An | F66: XE BỒ CÂU | G66: 0 | H66: 2,187,000
A67: 66 | B67: KH302775073 | C67: C Phan Tiễn Tuy Hòa | D67: 916549982 | E67: 08/391 Lê Duẩn,Phường Tuy Hòa,tỉnh daklak | F67: GHTK CHUYỂN KHOẢN KHÁCH TRẢ CƯỚC | G67: 0 | H67: 16,064,000
A68: 67 | B68: KH302775072 | C68: Phương Anh Hà Đông | D68: 971131089 | E68: tòa ctb2 khi đô thị xa la hà đông | F68: ship gần | G68: 0 | H68: 3,200,000
A69: 68 | B69: KH302775071 | C69: thủy | D69: 922337834 | H69: 0
A70: 69 | B70: KH302775070 | C70: C Hồ Thương TPHCM | D70: 933020610 | E70: 421 Vĩnh Viễn,Phường 6,Quận 10,Thành phố Hồ Chí Minh | F70: GHTK THU COD | G70: 0 | H70: 2,295,000
A71: 70 | B71: KH302775069 | C71: C Kim Anh Hải Phòng | D71: 902242779 | E71: số 251a Thiên Lôi,phường An Biên,Hải Phòng(phía chợ Đôn Niệm,quán xe máy Hiếu) | F71: THU HỘ GỬI XE HAPU | G71: 0 | H71: 3,300,000
A72: 71 | B72: KH302775068 | C72: Thùy Dung Thủ Đức | D72: 937898334 | E72: 217 Lê Văn Chí,Linh Xuân,Thủ Đức,tp Hồ Chí Minh | F72: GHTK CHUYỂN KHOẢN FREESHIP LUÔN CHO ĐƠN,BỌC KĨ KHÔNG MÓP | G72: 0 | H72: 36,641,000
A73: 72 | B73: KH302775067 | C73: C Huỳnh Diên Phú Quốc | D73: 344334347 | E73: Tạp hóa cô vấn đi vào Trần Phú,khu phố 9,Dương Đông,đặc khu Phú Quốc,Tỉnh An Giang | F73: CHUYỂN KHOẢN TRƯỚC GHTK CƯỚC KHÁCH TRẢ Đường đi vào chùa hộ quốc khu kiểm lâm dương tơ đặc khu phú quốc tỉnh an giang | G73: 0 | H73: 51,060,000
A74: 73 | B74: KH302775066 | C74: C Phương Hoa Vũng Tàu | D74: 936538768 | E74: 17a1 khu Lan Anh 1,Hòa Long,Bà Rịa Vũng Tàu | F74: GHTK THU COD FREESHIP | G74: 0 | H74: 3,150,000
A75: 74 | B75: KH302775065 | C75: quầy 544 hapu | F75: GIAO QUẦY THU TIỀN MẶT | G75: 0 | H75: 32,888,000
A76: 75 | B76: KH302775064 | C76: ERA LONG BIÊN | D76: 862402168 | E76: Số 5 ngõ 539 Nguyễn Văn Cừ,Gia Thụy,Long Biên,Hà Nội | F76: ĐẶT SHIP THU COD CƯỚC KHÁCH TRẢ | G76: 0 | H76: 47,452,500
A77: 76 | B77: KH302775063 | C77: Nhà thuốc Trung Tâm | D77: 935049439 | E77: 81 hải phòng | F77: CHUYỂN KHOẢN TRƯỚC GHTK | G77: 0 | H77: 14,855,000
A78: 77 | B78: KH302775062 | C78: tiên | D78: 583182457 | E78: phù yên | H78: 0
A79: 78 | B79: KH302775061 | C79: Long | D79: 988855555 | E79: Kiến an | H79: 0
A80: 79 | B80: KH302775060 | C80: A Quang Thanh Trì | D80: 375601630 | E80: 162 Phan Trọng Tuệ(quán nước tạp hóa sổ số điện toán đối diện tòa Sacombank),Tả Thanh Oai,Thanh Trì,Hà Nội | F80: GHTK CHUYỂN KHOẢN | G80: 0 | H80: 13,213,000
A81: 80 | B81: KH302775059 | C81: Quầy thuốc Dung Thắng | D81: 989144668 | E81: Quầy thuốc Dung Thắng | H81: 0
A82: 81 | B82: KH302775058 | C82: NT Khánh Huy Bắc Từ Liêm | D82: 969202011 | E82: 38 Kẻ Vẽ,Đông Ngạc,Bắc Từ Liêm,Hà Nội | F82: SHIP GẦN THU COD KHÁCH TRẢ CƯỚC | H82: 0
A83: 82 | B83: KH302775057 | C83: A Tân Quảng Ngãi | D83: 973823210 | E83: 62 Trương Định - Phường Trần Phú - TP Quảng Ngãi | F83: GHTK THU COD | G83: 0 | H83: 9,686,000
A84: 83 | B84: KH302775056 | C84: A Bảo Nam Gia Lâm | D84: 922225622 | E84: tòa p1 Vinhomes 1 Trâu Quỳ,Gia Lâm | F84: GHTK THU COD | G84: 0 | H84: 0
A85: 84 | B85: KH302775055 | C85: C Kim Thoa Bình Dương | D85: 364561239 | E85: trường mầm non tuổi thần tiên,Tân Bình,Tân Hiệp,Tân Uyên,Bình Dương | F85: GHTK CHUYỂN KHOẢN FREESHIP | G85: 0 | H85: 13,293,000
A86: 85 | B86: KH302775054 | C86: Dược Thành Sen Hà Tĩnh | D86: =84344341586 -> 84344341586 | E86: Số 15 ngõ 1 đường Ngô Đức Kế,phường Nam Hà,thành phố Hà Tĩnh,tỉnh Hà Tĩnh | F86: XE HƯNG TOÀN PHÁT | G86: 0 | H86: 0
A87: 86 | B87: KH302775053 | C87: Nhà Thuốc Quách Huy | D87: 944012494 | E87: Ấp Nội Ô,Thị Trấn Ngan Dừa,Huyện Hồng Dân,Tỉnh Bạc Liêu | F87: GHTK THU COD FREESHIP | G87: 0 | H87: 0
A88: 87 | B88: KH302775052 | C88: Nhà Thuốc Thu Phương | E88: Sài Đồng,Long Biên,Hà Nội | F88: THU TIỀN MẶT KHÁCH LÊN LẤY TẠI QUẦY | G88: 0 | H88: 0
A89: 88 | B89: KH302775051 | C89: Nhà Thuốc Phú Đức | D89: 903570580 | E89: 13 Ngự Bình,An Cựu,thuận hóa,thành phố Huế | F89: GHTK CHUYỂN KHOẢN FREESHIP THEO DÕI TIỀN VỀ | G89: 0 | H89: 43,192,500
A90: 89 | B90: KH302775050 | C90: KHÁCH LẺ | F90: CHUYỂN KHOẢN QUA ĐỊNH CÔNG LẤY HÀNG | G90: 0 | H90: 8,084,000
A91: 90 | B91: KH302775049 | C91: Nhà thuốc Vạn Phúc | F91: Chuyển khoản ship gần FREESHIP | G91: 0 | H91: 0
A92: 91 | B92: KH302775048 | C92: Nhà thuốc Thu Sơn | D92: 367723787 | E92: Khu6, Vân Phú việt trì Phú thọ | F92: THU HỘ Gửi cho em xe thái vinh Hoặc Đức thành họ đều bít nhà Em | G92: 0 | H92: 0
A93: 92 | B93: KH302775047 | C93: C Lường Thảo Sơn La | D93: 966842369 | E93: 250 đường Lê Đức Thọ,tổ 14 phường Quyết Thắng Thành phố Sơn La | F93: GHTK CHUYỂN KHOẢN | G93: 0 | H93: 0
A94: 93 | B94: KH302775046 | C94: C Trâm Kiên Giang | D94: 356988350 | E94: khu phố 6 Dương Đông Phú Quốc Kiên Giang | F94: GHTK CHUYỂN KHOẢN TRƯỚC KHÁCH TRẢ SHIP | G94: 0 | H94: 107,810,000
A95: 94 | B95: KH302775045 | C95: c Kem Dâu Vinh Phúc | D95: 352860935 | E95: ngũ hồ 1 thiện kế bình xuyên vĩnh phúc | F95: GHTK THU COD | G95: 0 | H95: 0
A96: 95 | B96: KH302775044 | C96: Bùi Hải yen | D96: 968881867 | E96: Sn 243 lý thường kiệt màu a | H96: 0
A97: 96 | B97: KH302775043 | C97: C Bích Ngọc Nghệ An | D97: 976325358 | E97: Xóm 2,xã Nam Thanh,Huyện Nam Đàn,Tỉnh Nghệ An | F97: GHTK THU COD | G97: 0 | H97: 4,546,500
A98: 97 | B98: KH302775042 | C98: Nguyễn Văn Hiệp | D98: 865440203 | E98: 166/31B Võ Thị Sáu | H98: 0
A99: 98 | B99: KH302775041 | C99: Quầy thuốc số 28 Vũ thị phương thảo | D99: 986199689 | E99: thị trấn thứa huyện lương tài bắc ninh | F99: THU HỘ XE ANH CHI FREESHIP | G99: 0 | H99: 800
A100: 99 | B100: KH302775040 | C100: Dược phẩn Bảo Thành-A Thành Nam Định | D100: 986884585 | E100: Nam Định | F100: XE TUẤN AZ | G100: 0 | H100: 0
...

Sheet HÀNG HÓA
A1: STT | B1: Nhóm hàng(3 Cấp) | C1: Mã hàng | D1: Tên hàng | E1: Hình ảnh (url1,url2...) | F1: Gía bán | G1: Tồn kho | H1: Tồn kho
A2: 1948 | B2: TRÁNH THAI - PHỤ KHOA | C2: Q30227032372 | D2: " ( 10/2024 )Sadetabs Gramon Uruguay (hộp 12 viên đặt) " | G2: https://cdn2-retail-images.kiotviet.vn/2026/03/31/giabaopharma/eddf4fe23d9542c4a3795556878f55d2.jpg | H2: 29885
A3: 3256 | B3: THUỐC | C3: Q302665378 | D3: " (Chai 30ml) Motilium Domperidon Janssen " | G3: #NUM! | H3: 29745
A4: 3255 | B4: THUỐC | C4: Q302774830 | D4: " (Chai 60ml) Motilium Domperidon Janssen " | G4: https://cdn2-retail-images.kiotviet.vn/2026/03/31/giabaopharma/5f52ab13ad864281bb1ff46064eac7ce.jpg,https://cdn2-retail-images.kiotviet.vn/2026/03/31/giabaopharma/1ba022e70e0548d99452df74cc18ab74.jpeg,https://cdn2-retail-images.kiotviet.vn/2026/03/31/giabaopharma/f63c2250d31d4aac82e373246f5f4caf.jpeg | H4: 30000
A5: 3458 | B5: TPCN" | C5: Q302947384 | D5: " (Dạng gói) Siro Ho Cảm Ích Nhi Nam Dược (Hộp 30 gói x 5ml) " | G5: https://cdn2-retail-images.kiotviet.vn/2026/03/31/giabaopharma/9e84645c0b3943138abebeab4de07e6a.jpeg,https://cdn2-retail-images.kiotviet.vn/2026/03/31/giabaopharma/bff85634b6644da3b37dca1f28951814.jpeg,https://cdn2-retail-images.kiotviet.vn/2026/03/31/giabaopharma/5120623e656749a3a50c17527b517d1c.jpeg | H5: 30000
A6: 3457 | B6: TPCN" | C6: Q302984930 | D6: " (Dạng lọ) Siro Ho Cảm Ích Nhi Nam Dược (Hộp 1 lọ x 90ml) " | G6: https://cdn2-retail-images.kiotviet.vn/2026/03/30/giabaopharma/3634d7fbf8c34f7ea19b5c42f985c783.jpg | H6: 30000
A7: 483 | B7: TIM MẠCH - HUYẾT ÁP | C7: Q3023052327 | D7: " (date 10/24) Kavasdin Amlodipine 5mg Khánh Hòa (hộp10 vỉ x 10 viên) " | G7: https://cdn2-retail-images.kiotviet.vn/2026/03/31/giabaopharma/ff7c164d962d4cbdb36dcb336d1ad0ea.jpg | H7: 1
A8: 2946 | B8: TÁC DỤNG TRÊN RUỘT | C8: Q3027032399 | D8: " (date 10/24) Zaclid Esomeprazol 20mg Mediplantex (hộp 3 vỉ x 10 viên) " | G8: https://cdn2-retail-images.kiotviet.vn/2026/03/24/giabaopharma/8ed7cef3dda040cd9450a4a52b208afe.jpg | H8: 998
A9: 2091 | B9: TIM MẠCH - HUYẾT ÁP | C9: Q3022403112 | D9: " (date 11/2025) Amlor 5mg Pfizer Úc( hộp 3 vỉ x 10 viên nén) " | G9: https://cdn2-retail-images.kiotviet.vn/2026/03/19/giabaopharma/2834f92c00a144b8b65b3adf95477f84.jpg | H9: 1
A10: 1635 | B10: THUỐC | C10: Q302000001010 | D10: " (date 11/24) Telfor Fexpfenadine 180mg DHG Hậu Giang (hộp 2 vỉ x 10 viên nén ) " | G10: https://cdn2-retail-images.kiotviet.vn/2026/03/18/giabaopharma/71e43f3190ae408e8c70dd5b12c61968.jpg | H10: 980
A11: 2706 | B11: TRÁNH THAI - PHỤ KHOA | C11: Q30213032354 | D11: " (Date 11/24) Vastad Stella (hộp 1 vỉ x 10 viên đặt âm đạo) " | G11: https://cdn2-retail-images.kiotviet.vn/2026/03/09/giabaopharma/eda3c2a5da9c4587a5a284a0d9e3f2d6.jpg | H11: 995
A12: 936 | B12: CHỐNG VIÊM | C12: Q3021952381 | D12: " (date 4/2025) Methylprednisolon 16mg Vidipha (hộp 3 vỉ x 10 viên nén) " | G12: https://cdn2-retail-images.kiotviet.vn/2026/03/05/giabaopharma/cdf424f0d2314a88be85b9f8b27a9b1c.jpg | H12: 79
A13: 2096 | B13: TIM MẠCH - HUYẾT ÁP | C13: Q3022403107 | D13: " (date 6/2025) Amloda Amlodipine 5mg Z120 ( hộp 10 vỉ x 10 viên nang) " | G13: https://cdn2-retail-images.kiotviet.vn/2026/03/05/giabaopharma/c4f34e08f7924ed4b01081bd35dca45a.jpg | H13: 96
A14: 2048 | B14: NÃO - THẦN KINH | C14: Q3022403207 | D14: " (Date 6/2025) Arcalion 200mg Servier Pháp( lọ 30 viên nén ) " | G14: https://cdn2-retail-images.kiotviet.vn/2026/03/02/giabaopharma/ec81c3e1e2524a45ada28d99b31145ba.jpg | H14: 966
A15: 2645 | B15: NÃO - THẦN KINH | C15: Q302130323167 | D15: " (date 7/26)Trihex Trihexyphenidyl hydroclrid 2mg Đà Nẵng (hộp 5 vỉ x 20 viên nén) " | G15: https://cdn2-retail-images.kiotviet.vn/2026/02/09/giabaopharma/f13b277034f343c7a7acb1c676275a79.jpg | H15: 890
... A196: 2117 | B196: DA LIỄU | C196: Q3022403035 | D196: " Alvextra kem dưỡng da Tanida( lọ 50g ) " | G196: https://cdn2-retail-images.kiotviet.vn/2024/09/30/giabaopharma/e8e62f4012c345d49ba1ac58294881da.jpg | H196: 0
A197: 2116 | B197: TRÁNH THAI - PHỤ KHOA | C197: Q3022403036 | D197: " Amariston Mifepristone 10mg tránh thai INVE ( hộp 1 viên nén) " | H197: 0
A198: 2115 | B198: HO - LONG ĐỜM | C198: Q3022403037 | D198: " Ambroco Ambroxol 15mg/5ml United( lọ 30ml) " | G198: https://cdn2-retail-images.kiotviet.vn/2024/09/24/giabaopharma/c4d5a86ceb59444f9eb61adf422619bb.png | H198: 999
A199: 2112 | B199: HO - LONG ĐỜM | C199: Q3022403042 | D199: " Ambron Ambroxol 30mg Vacopharm ( lọ 100 viên nang ) " | G199: https://cdn2-retail-images.kiotviet.vn/2025/02/18/giabaopharma/fe41572708804163950971fa8ca8f8e2.jpg | H199: 0
A200: 2113 | B200: HO - LONG ĐỜM | C200: Q3022403041 | D200: " Ambron Ambroxol 30mg Vacopharm( hộp 50 gói x 1g) " | G200: https://cdn2-retail-images.kiotviet.vn/2025/02/25/giabaopharma/fb9d6459b03046dabfb089b5d25263d9.jpg | H200: 1
A201: 2114 | B201: HO - LONG ĐỜM | C201: Q3022403040 | D201: " Ambron Ambroxol 30mg xanh dương Vacopharm ( hộp 10 vỉ x 10 viên nang) " | G201: https://cdn2-retail-images.kiotviet.vn/2025/02/25/giabaopharma/fec53d8c89804b949f9027a7613eb52b.jpg | H201: 0
A202: 216 | B202: HO - LONG ĐỜM | C202: SP648524 | D202: " Ambron tab vacopharm 10 vỉ 10 viên" | G202: https://cdn2-retail-images.kiotviet.vn/giabaopharma/278ecaf346b742bea1376d44e67f763f.jpg | H202: 0
A203: 2111 | B203: HO - LONG ĐỜM | C203: Q3022403043 | D203: " Ambroxol 15mg/5ml Đà Nẵng( lọ 60ml ) " | G203: https://cdn2-retail-images.kiotviet.vn/2025/02/25/giabaopharma/a86faeefd85a43a0832d5eddf100f8cc.jpg | H203: 972
A204: 2109 | B204: HO - LONG ĐỜM | C204: Q3022403045 | D204: " Ambroxol 30mg Boston ( hộp 3 vỉ x 10 viên nén) " | G204: https://cdn2-retail-images.kiotviet.vn/giabaopharma/c0dcb75ca68b4eb5b53c226728c28573.jpg | H204: 0
A205: 2110 | B205: HO - LONG ĐỜM | C205: Q3022403044 | D205: " Ambroxol 30mg Domesco( hộp 10 vỉ x 10 viên nang) " | G205: https://cdn2-retail-images.kiotviet.vn/giabaopharma/41ded983f07441f2bcdcddde51759a71.jpg | H205: 0
A206: 2108 | B206: HO - LONG ĐỜM | C206: Q3022403046 | D206: " Ambroxol 30mg NIC ( lọ 200 viên nén) " | G206: https://cdn2-retail-images.kiotviet.vn/2025/02/25/giabaopharma/82c9d8c038454de4a620199bcf15a6ce.jpg | H206: 0
A207: 2107 | B207: DA LIỄU | C207: Q3022403047 | D207: " Amcinol Paste Mekophar ( lốc 10 tuýp 5g ) " | G207: https://cdn2-retail-images.kiotviet.vn/2025/02/26/giabaopharma/799a3a9d915e4edfa9b4987e3052cf29.jpg | H207: 430
A208: 2106 | B208: CẢM CÚM - VIÊM XOANG | C208: Q3022403048 | D208: " Ameflu Day Time + C cảm cúm OPV ( hộp 10 vỉ x 10 viên nén) " | G208: https://cdn-images.kiotviet.vn/giabaopharma/fbbebdff226547c1940ce169952f5e14.png | H208: 888
A209: 2105 | B209: CẢM CÚM - VIÊM XOANG | C209: Q3022403049 | D209: " Ameflu Day Time cảm cúm OPV( hộp 10 vỉ x 10 viên nén) " | G209: https://cdn-images.kiotviet.vn/giabaopharma/8663983cfcb64834a74261574a613e6e.png | H209: 900
... A221: 2092 | B221: TIM MẠCH - HUYẾT ÁP | C221: Q3022403111 | D221: " Amlodipine EG 5mg Pymepharco( hộp 3 vỉ x 10 viên nang) " | G221: https://cdn2-retail-images.kiotviet.vn/giabaopharma/090509eb1c5a4b7193190350630be6b8.jpg,https://cdn2-retail-images.kiotviet.vn/giabaopharma/5aba60d8bd1a4348ba1c60d1103022ab.jpg,https://cdn2-retail-images.kiotviet.vn/giabaopharma/3e81bd19cc5d47f5a7e596ae9d39a4d9.jpg,https://cdn2-retail-images.kiotviet.vn/giabaopharma/15f99b729f6049f3a59544e90805a44a.jpg,https://cdn2-retail-images.kiotviet.vn/giabaopharma/abb4391a19b549a9b1b8b372a8d4a59c.jpg | H221: 9.851
A222: 2089 | B222: KHÁNG SINH - KHÁNG VIRUS | C222: Q3022403114 | D222: " Amoxicillin 250mg Domesco( lọ 100 viên ngậm) " | G222: https://cdn-images.kiotviet.vn/2025/08/14/giabaopharma/25076de3fe004befbcb7407fee6a5a52.jpg | H222: ########
A223: 3447 | B223: KHÁNG SINH - KHÁNG VIRUS | C223: Q302574684 | D223: " Amoxicillin 250mg Mekophar (Hộp 30 gói x 2,5g) " | G223: https://cdn2-retail-images.kiotviet.vn/giabaopharma/e9c265d8e71349ec8b1ed4c14040dcbe.jpg | H223: 0
A224: 2090 | B224: KHÁNG SINH - KHÁNG VIRUS | C224: Q3022403113 | D224: " Amoxicillin 250mg Mekophar(hộp 10 vỉ x 10 viên nang) " | G224: https://cdn2-retail-images.kiotviet.vn/giabaopharma/1801bb0c2ea54428a64ea9c40b58c51a.jpg | H224: 10
A225: 2088 | B225: KHÁNG SINH - KHÁNG VIRUS | C225: Q3022403115 | D225: " Amoxicillin 500mg Domesco( hộp 10 vỉ x 10 viên nang) " | G225: https://cdn-images.kiotviet.vn/giabaopharma/63320416cc504723b5242c7220caacd5.jpg | H225: 0
A226: 2087 | B226: KHÁNG SINH - KHÁNG VIRUS | C226: Q3022403116 | D226: " Amoxicillin 500mg Mekophar( hộp 10 vỉ x 10 viên nang ) " | G226: https://cdn2-retail-images.kiotviet.vn/giabaopharma/ad55eaa97e2a4a3db07de6818094be77.jpg,https://cdn2-retail-images.kiotviet.vn/giabaopharma/30a950a13890403291cf2fe14b33c695.jpg,https://cdn-images.kiotviet.vn/giabaopharma/9606c3cf6bd74da28b2a9abf9f3838ae.jpg,https://cdn2-retail-images.kiotviet.vn/giabaopharma/5823351e7a9c463fbc1ef9157e954ceb.jpg,https://cdn2-retail-images.kiotviet.vn/giabaopharma/d69e810ac9ce4741a4e401a3193655c9.jpg | H226: 0
A227: 3448 | B227: KHÁNG SINH - KHÁNG VIRUS | C227: Q302667489 | D227: " Amoxicillin 500mg Pharbaco (Hộp 10 vỉ x 10 viên nang) " | G227: https://cdn2-retail-images.kiotviet.vn/giabaopharma/847684efd96c4a6abffb7f9cc06ba53a.jpg | H227: 0
A228: 2086 | B228: KHÁNG SINH - KHÁNG VIRUS | C228: Q3022403117 | D228: " Amoxicillin 500mg Thanh Hóa( hộp 10 vỉ x 10 viên nang) " | G228: https://cdn2-retail-images.kiotviet.vn/giabaopharma/d5853bcbcc644883b33ffc8bc820859a.jpg | H228: 812
A229: 2085 | B229: KHÁNG SINH - KHÁNG VIRUS | C229: Q3022403118 | D229: " Amoxicillin 500mg TW1 Pharbaco( hộp 10 vỉ x 10 viên nang ) " | G229: https://cdn-images.kiotviet.vn/giabaopharma/eb9eec10858e4d19affc82452da7650b.jpg | H229: 0
A230: 2084 | B230: KHÁNG SINH - KHÁNG VIRUS | C230: Q3022403119 | D230: " Ampicilin 250mg Thanh Hóa( lọ 250 viên nén ) " | G230: https://cdn2-retail-images.kiotviet.vn/giabaopharma/c96516e3bd4449ef8ba79b6c18ad26e7.png | H230: 0
A231: 2083 | B231: KHÁNG SINH - KHÁNG VIRUS | C231: Q3022403120 | D231: " Ampicillin 250mg TW1 Pharbaco( lọ 200 viên nén) " | G231: https://cdn2-retail-images.kiotviet.vn/giabaopharma/62824fbd8dee4bb8976511b0af6da67d.png | H231: 0
A232: 2082 | B232: KHÁNG SINH - KHÁNG VIRUS | C232: Q3022403121 | D232: " Ampicillin 500mg Domesco( hộp 10 vỉ x 10 viên nang) " | G232: https://cdn2-retail-images.kiotviet.vn/giabaopharma/2c93c56fccc546208bff25d2c38e94fc.jpg,https://cdn-images.kiotviet.vn/giabaopharma/2365869aac0949d2bb2cdd208d53e5f2.jpg | H232: 0
A233: 2081 | B233: KHÁNG SINH - KHÁNG VIRUS | C233: Q3022403122 | D233: " Ampicillin 500mg Mekophar( hộp 10 vỉ x 10 viên nang) " | G233: https://cdn-images.kiotviet.vn/giabaopharma/1ac27fd309c9423ca40c3a796ab53b10.jpg | H233: 9.913
A234: 2080 | B234: KHÁNG SINH - KHÁNG VIRUS | C234: Q3022403123 | D234: " Ampicillin 500mg Thanh Hóa( hộp 10 vỉ x 10 viên nang) " | G234: https://cdn-images.kiotviet.vn/giabaopharma/9b57dd6bb2574b21847326821664335d.png | H234: 0
... A422: 1493 | B422: SINH LÝ - THẬN - TIẾT NIỆU | C422: Q3020604135 | D422: " Bao cao su Zero O2 (hộp 12S) " | G422: https://product.hstatic.net/200000428801/product/upload_bc193caedbdb4357bb35cffc47d5405b.jpg | H422: 0
A423: 1491 | B423: HO - LONG ĐỜM | C423: Q3020604137 | D423: " Bảo khí khang IMC ( hộp 2 vỉ x 10 viên nén ) " | H423: 0
A424: 1492 | B424: HO - LONG ĐỜM | C424: Q3020604136 | D424: " Bảo khí khang IMC( hộp 2 lọ x 60 viên nén ) " | G424: https://product.hstatic.net/200000428801/product/f2a6f4a3262446ba9ad44151106f7456_e9dafbb5af2e4bd583a36f3e317812d6.png | H424: 0
A425: 1490 | B425: HO - LONG ĐỜM | C425: Q3020604138 | D425: " Bảo Thanh ngậm Hoa Linh ( hộp 4 vỉ x 5 viên ) " | G425: https://product.hstatic.net/200000428801/product/upload_2db2a79b1fbb426d8c3fe8b2142191ef.jpg | H425: 0
A426: 1489 | B426: HO - LONG ĐỜM | C426: Q3020604139 | D426: " Bảo thanh ngậm không đường Hoa Linh ( hộp 20 vỉ x 5 viên ) " | G426: https://product.hstatic.net/200000428801/product/upload_36c80c56df6e4f9594cecb82009c56a2.jpg | H426: 0
A427: 1487 | B427: HO - LONG ĐỜM | C427: Q3020604141 | D427: " Bảo thanh siro ho Hoa Linh ( lọ 90ml ) " | G427: https://product.hstatic.net/200000428801/product/upload_7de886a209ae4e8f991202b1d85354ff.jpg | H427: 0
A428: 1486 | B428: HO - LONG ĐỜM | C428: Q3020604142 | D428: " Bảo thanh viên ngậm Hoa Linh( hộp 20 vỉ x 5 viên ) " | G428: https://product.hstatic.net/200000428801/product/upload_4580a7c4e983456e9bb2043e7d7a1a50.jpg | H428: 0
A429: 1485 | B429: TPCN" | C429: Q3020604143 | D429: " Bảo xuân Gold Nam Dược (hộp 3 vỉ x 10 viên nang ) " | G429: https://product.hstatic.net/200000428801/product/377_bdaedc41fc8d4281bd32fda51e652cdc.png | H429: 0
A430: 1484 | B430: TRÁNH THAI - PHỤ KHOA | C430: Q3020604144 | D430: " Bảo xuân tím U50 Nam Dược ( hộp 3 vỉ x 10 viên nang) " | G430: https://product.hstatic.net/200000428801/product/upload_e40cf63003e8463e97af101add500427.jpg | H430: 0
A431: 1482 | B431: GAN - BẢO VỆ GAN | C431: Q3020604146 | D431: " Bar lợi gan mật Pharmedic ( lọ 60 viên nén ) " 2/2025 | G431: https://product.hstatic.net/200000428801/product/upload_e50cc05c202a48cb9ea3d6872aff4a35.jpg | H431: 0
A432: 1483 | B432: GAN - BẢO VỆ GAN | C432: Q3020604145 | D432: " Bar lợi gan mật Pharmedic( hộp 180 viên ) " | G432: https://product.hstatic.net/200000428801/product/60_c4307bfe6f1d4cdbb402ee77f981bef6.png | H432: 0
A433: 1481 | B433: TÁC DỤNG TRÊN RUỘT | C433: Q3020604147 | D433: " Barole Rabeprazole 20mg Mega ( hộp 10 vỉ x 10 viên nang ) " | G433: https://product.hstatic.net/200000428801/product/49_1809f65487904719bba79724539436f1.png | H433: 0
A434: 1480 | B434: CHỐNG VIÊM | C434: Q3020604148 | D434: " Basmetin Deflazacort 6mg Medisun ( hộp 2 vỉ x 10 viên nén ) " | G434: https://product.hstatic.net/200000428801/product/upload_4716fe661aef4ce7b7f0aebcacfaf462.jpg | H434: 0
A435: 1479 | B435: NÃO - THẦN KINH | C435: Q3020604149 | D435: " Basocholine Citicolin 500mg Mediplantex ( hộp 20 gói ) " | G435: https://product.hstatic.net/200000428801/product/339ebdf69dfb4126b7117e86fd36b0a7_76e72c548dc64a6f83040c6d86fb0bac.png | H435: 0
... A508: 1258 | B508: TÁC DỤNG TRÊN RUỘT | C508: Q3021204025 | D508: " Bình vị nam TNT Meliphar(lọ 100 viên nén ) " | G508: https://product.hstatic.net/200000428801/product/upload_2ec9c4daa5f0469fac0c8e63fd565c92.jpg | H508: 0
A509: 1257 | B509: TÁC DỤNG TRÊN RUỘT | C509: Q3021204026 | D509: " Bình Vị Thái Minh Thái Minh( hộp 1 lọ 80 viên nén ) " | G509: https://product.hstatic.net/200000428801/product/upload_9da0db01d3934424921f51c0c9fc5899.jpg | H509: ########
A510: 1256 | B510: TÁC DỤNG TRÊN RUỘT | C510: Q3021204027 | D510: " Bình Vị Thái Minh Thái Minh( hộp 2 vỉ x 10 viên ) " | G510: https://product.hstatic.net/200000428801/product/0add53f856768828d167_ac01f84438a2441ba7bb59bdce1dc05e.jpg | H510: 999.993
A511: 3199 | B511: KHÁC | C511: Q302554444 | D511: " Bình Xịt Ventolin Inhaler Salbutamol 100mcg/liều xịt GSK (Hộp 1 bình xịt 200 liều) " | G511: https://product.hstatic.net/200000428801/product/upload_981bec0dfa1143a29c822ee563ce4e0f.jpg | H511: 999.994
A512: 1255 | B512: KHÁC | C512: Q3021204028 | D512: " Bình Xịt Xua Đuổi Côn Trùng Fly Away Bảo Linh( lọ 100ml ) " | G512: https://product.hstatic.net/200000428801/product/upload_bdbb495546034a1a991fc17a904b873c.jpg | H512: ########
A513: 1254 | B513: KHÁC | C513: Q3021204029 | D513: " Bình Xịt Xua Đuổi Côn Trùng Fly Away Bảo Linh( lọ 60ml ) " | G513: https://product.hstatic.net/200000428801/product/upload_e4850c374bd344eebb6561fa4e428c43.jpg | H513: ########
A514: 1253 | B514: KHÁNG SINH - KHÁNG VIRUS | C514: Q3021204030 | D514: " Binozyt Azithromycin 200mg/5ml Sandoz( lọ 15ml ) " | G514: https://product.hstatic.net/200000428801/product/upload_fe775aab89344c89b9ad235129aa9bf9.jpg | H514: ########
A515: 1252 | B515: TÁC DỤNG TRÊN RUỘT | C515: Q3021204031 | D515: " Bio Acemin Fiber Việt Đức( hộp 30 gói x 4g ) " | G515: https://product.hstatic.net/200000428801/product/b1d5065d1bab4b9cbf46ab6d875af859_fe21300603314d4398a59d0201a82325.png | H515: 0
A516: 1251 | B516: TÁC DỤNG TRÊN RUỘT | C516: Q3021204032 | D516: " Bio Acimin Gold Việt Đức( hộp 30 gói x 4g ) " | G516: https://product.hstatic.net/200000428801/product/upload_84bddffee7904c4da6a1f176319bdda4.jpg | H516: ########
A517: 1250 | B517: TÁC DỤNG TRÊN RUỘT | C517: Q3021204033 | D517: " Bioamicus Complete men tiêu hóa giọt Canada( lọ 10ml ) " | G517: https://product.hstatic.net/200000428801/product/upload_fb292c1fa0fa4334bfe3a7f47fc9210a.jpg | H517: 999.999
A518: 1249 | B518: TPCN" | C518: Q3021204035 | D518: " Biocystine Medistar( hộp 3 vỉ x 10 viên nang ) " | G518: https://product.hstatic.net/200000428801/product/upload_481ee3f0f7ff402baccf8d3efb863ad2.jpg | H518: ########
A519: 1248 | B519: TÁC DỤNG TRÊN RUỘT | C519: Q3021204036 | D519: " Biodilis men tiêu hóa Vinaphar( hộp 10 vỉ x 10 viên nang ) " | G519: https://product.hstatic.net/200000428801/product/upload_8ffe7c451d754127831914179d1c728b.jpg | H519: ########
A520: 1247 | B520: HÀNG TIÊM - TRUYỀN | C520: Q3021204037 | D520: " Biofil Thanh Hóa( hộp 10 ống x 10ml ) " | G520: https://product.hstatic.net/200000428801/product/upload_4dc3c1b34d2e45e1ab5d9ec96fc304e0.jpg | H520: ########
A521: 1246 | B521: TÁC DỤNG TRÊN RUỘT | C521: Q3021204038 | D521: " Bioflora Saccharomyces bouladii CNCM – I 745 200mg Pháp( hộp 10 viên nang nén ) " | G521: https://product.hstatic.net/200000428801/product/upload_17f2c20e4fe0403d838404a637249415.jpg | H521: 999.999
A522: 1245 | B522: TÁC DỤNG TRÊN RUỘT | C522: Q3021204039 | D522: " Bioflora Saccharomyces boulardii 100mg Pháp( hộp 20 gói ) " | G522: https://product.hstatic.net/200000428801/product/upload_9ee9bb25b76441eab48aa63ccc8b93d3.jpg | H522: ########
A523: 2299 | B523: TPCN" | C523: Q30220032354 | D523: " BioGaia Thụy Điển (lọ 5ml) " | G523: https://product.hstatic.net/200000428801/product/upload_8afb3336af1149b1ad206d4ad05536e0.jpg | H523: 999.997
A524: 1244 | B524: TÁC DỤNG TRÊN RUỘT | C524: Q3021204040 | D524: " Biolac men tiêu hóa Nha Trang (Hộp 10 hộp bé x 10 gói 1g ) " | G524: https://product.hstatic.net/200000428801/product/upload_5a22a426443f46cd9dfa58ee02e37320.jpg | H524: 999.994
A525: 1243 | B525: TÁC DỤNG TRÊN RUỘT | C525: Q3021204041 | D525: " Biolac men tiêu hóa Nha Trang( hộp 10 vỉ x 10 viên nang ) " | G525: https://product.hstatic.net/200000428801/product/upload_f4a8343a2bc344e4a1f01b594edd5593.jpg | H525: 999.989
A526: 1242 | B526: TÁC DỤNG TRÊN RUỘT | C526: Q3021204045 | D526: " Biolactomen Plus Thành Châu( hộp 10 gói x 0,65g ) " | G526: https://product.hstatic.net/200000428801/product/upload_21cca0be457347a9b72ec36b62c08109.jpg | H526: 999.997
A527: 3416 | B527: TPCN" | C527: Q302229485 | D527: " Biotin 5mg Vitamin H Mediplantex (Cọc/ 10 Hộp 2 vỉ x 10 viên nén) " | G527: https://product.hstatic.net/200000428801/product/upload_cc79c8dfed37417f84d73e128124977a.jpg | H527: 999.992
A528: 1241 | B528: TIM MẠCH - HUYẾT ÁP | C528: Q3021204048 | D528: " Bisacodyl 5mg Hậu Giang( hộp 4 vỉ x 25 viên nén ) " | G528: https://product.hstatic.net/200000428801/product/cotripro-gel-25g-kem-boi-giup-co-va-san-se-bui-tri-1620296992_0b93fe2274df4d85bda5e173461f83dc.png | H528: 999.999
A529: 1240 | B529: TIM MẠCH - HUYẾT ÁP | C529: Q3021204049 | D529: " Biscapro Bisoprolol fumarate 2,5mg Pymepharco AstraZeneca( hộp 2 vỉ x 14 viên nén ) " | G529: https://product.hstatic.net/200000428801/product/upload_5d0fa6bdf4ca43819fbe03010009732d.jpg | H529: 999.997
A530: 1056 | B530: TIM MẠCH - HUYẾT ÁP | C530: Q3021904001 | D530: " Biscapro Bisoprolol fumarate 5mg Pymepharco ( hộp 3 vỉ x 10 viên nén ) " | G530: https://product.hstatic.net/200000428801/product/upload_d883e7a8215e4a5b8f7a640b133ec3ae.jpg | H530: ########
A531: 1055 | B531: KHÁNG SINH - KHÁNG VIRUS | C531: Q3021904002 | D531: " Biseptol 480 Adamed( hộp 1 vỉ x 20 viên nén ) " | G531: https://product.hstatic.net/200000428801/product/upload_f7efb5027f9746b9ae656a921a5ef86f.jpg | H531: 999.972
A532: 1054 | B532: TIM MẠCH - HUYẾT ÁP | C532: Q3021904003 | D532: " Bisolvon Bromhexine 8mg Boehringer ( hộp 3 vỉ x 10 viên nén ) " | G532: https://product.hstatic.net/200000428801/product/upload_e8bb025de2674c83ae72c566c110267a.jpg | H532: 999.993
A533: 1053 | B533: TIM MẠCH - HUYẾT ÁP | C533: Q3021904004 | D533: " Bisoplus HTC 5mg/12,5mg Stella ( hộp 3 vỉ x 10 viên nén ) " | G533: https://product.hstatic.net/200000428801/product/upload_942c2e4095bd4ccd89cf8a6494ba36af.jpg | H533: ########
A534: 1052 | B534: TIM MẠCH - HUYẾT ÁP | C534: Q3021904005 | D534: " Bisoprolol STADA 5mg ( hộp 3 vỉ x 10 viên nén ) " | G534: https://product.hstatic.net/200000428801/product/upload_0dac8bab20734a66a1aee88cb08c5258.jpg | H534: 999.992
A535: 1051 | B535: TIM MẠCH - HUYẾT ÁP | C535: Q3021904006 | D535: " Bisostad Bisoprolol 5mg Stella ( hộp 3 vỉ x 10 viên nén ) " | G535: https://product.hstatic.net/200000428801/product/upload_fb05bc9ac3ee4b7abff2516cf31cf999.jpg | H535: 999.999
A536: 1050 | B536: TIM MẠCH - HUYẾT ÁP | C536: Q3021904007 | D536: " Bisufat hộp 20 vỉ x 5 viên nang Phil ( hộp 20 vỉ x 5 viên ) " | G536: https://product.hstatic.net/200000428801/product/upload_475166069c2e4ddc86eed4689a2f428d.jpg | H536: 999.999
A537: 1049 | B537: KHÁNG SINH - KHÁNG VIRUS | C537: Q3021904008 | D537: " Bitrepso Alphachymotrypsin 4200IU USP ( hộp 10 vỉ x 10 viên nén ) " | G537: https://product.hstatic.net/200000428801/product/upload_70b05830ea334ac594a060d6fe466946.jpg | H537: 0
A538: 1048 | B538: SINH LÝ - THẬN - TIẾT NIỆU | C538: Q3021904009 | D538: " Bivantox Acid alpha lipoic 600mg TW1 Pharbaco ( hộp 3 vỉ x 10 viên nén ) " | G538: https://product.hstatic.net/200000428801/product/upload_4cf9797be5944c4296392be6a0d60e58.jpg | H538: 999.934
A539: 1046 | B539: MẮT-TAI-MŨI | C539: Q3021904012 | D539: " Biviflu bao phim BRV (hộp 10 vỉ x 10 viên nén )" | G539: https://product.hstatic.net/200000428801/product/upload_9472be35a37548ff9a46895553958f6e.jpg | H539: 999.981
A540: 2296 | B540: THUỐC | C540: Q30221032343 | D540: " Biviflu BRV (hộp 10 vỉ x 10 viên nén bao phim) " | G540: https://product.hstatic.net/200000428801/product/upload_6cd104aa15674ab2aece30907cb19525.jpg | H540: ########
A541: 2297 | B541: THUỐC | C541: Q30221032342 | D541: " Biviflu F BRV (hộp 10 vỉ x 10 viên nén) " | G541: https://product.hstatic.net/200000428801/product/upload_48521550403b4de994445db1b5c8bef7.jpg | H541: ########
A542: 1045 | B542: GIẢM ĐAU - HẠ SỐT | C542: Q3021904013 | D542: " Bivinadol Paracetamol 500mg BVPharma ( hộp 10 vỉ x 10 viên nén ) " | G542: https://product.hstatic.net/200000428801/product/upload_74b05d945e1047e8a90b1000f4b21186.jpg | H542: 999.981
A543: 1035 | B543: GAN - BẢO VỆ GAN | C543: Q3021904026 | D543: " Boganew Đại Uy( hộp 5 vỉ x 20 viên ) " | G543: https://product.hstatic.net/200000428801/product/upload_1c11785a88a24de48dc8d16c7e6d0312.jpg | H543: 999.991
A544: 3506 | B544: TPCN" | C544: Q302445533 | D544: " Boganic Forte Traphaco (H/ 5 vỉ x 10 viên nang mềm) " | G544: https://product.hstatic.net/200000428801/product/upload_7f067132b48747cdbd8fce03b3d4cef8.jpg | H544: 999.99
A545: 1022 | B545: KHÁNG HISTAMIN - DỊ ỨNG | C545: Q3021904040 | D545: " Bostadin Loratadin 10mg Boston ( hộp 10 vỉ x 10 viên nén ) " | G545: https://product.hstatic.net/200000428801/product/upload_41ff3451372a4d058203830ecb0b65ac.jpg | H545: ########
A546: 1021 | B546: KHÁNG HISTAMIN - DỊ ỨNG | C546: Q3021904041 | D546: " Bostanex Desloratadine 5mg Boston(hộp 3 vỉ x 10 viên nén ) " | G546: https://product.hstatic.net/200000428801/product/upload_96bcb1f9963247f3a506cac2511d0b90.jpg | H546: 999.667
A547: 1042 | B547: GAN - BẢO VỆ GAN | C547: Q3021904016 | D547: " Bổ gan Abipha ( hộp 5 vỉ x 10 viên nang ) " | G547: https://product.hstatic.net/200000428801/product/upload_0d7892c67dfd4341b18ce497af219cbe.jpg | H547: 999.924
A548: 3193 | B548: TPCN" | C548: Q30283874896 | D548: " Bổ Máu Fe Max Vega (Hộp 100 viên) " | G548: https://product.hstatic.net/200000428801/product/upload_49c74efc87b94e04b3a1bc5fa44d4165.jpg | H548: 999.982
A549: 1041 | B549: HO - LONG ĐỜM | C549: Q3021904019 | D549: " Bổ phế Nam Hà ( hộp 2 vỉ x 12 viên ngậm ) " | G549: https://product.hstatic.net/200000428801/product/upload_2d4e75821260476bb634061d822f4ce8.jpg | H549: 999.998
A550: 1040 | B550: HO - LONG ĐỜM | C550: Q3021904020 | D550: " Bổ phế TW3 Foripharm ( hộp 2 vỉ x 12 viên ngậm ) " | G550: https://product.hstatic.net/200000428801/product/upload_5f9540c2759c4b4ea90f3ee5c11c086c.jpg | H550: 0
...

Sheet Hàng Q302
A1: STT | B1: Nhóm hàng | C1: Mã hàng | D1: Tên hàng | E1: Hình ảnh (url1,url2...) | F1: Giá bán | G1: Tồn kho | H1: Hình ảnh (url1,url2...)
A2: 1 | B2: CẢM CÚM - VIÊM XOANG | C2: SP64856088 | D2: An cold Flu D hộp 100 viên (cảm cúm) | F2: 46,000.0 | G2: 93.0 | H2: https://cdn2-retail-images.kiotviet.vn/2025/10/02/giabaopharma/9f2e7b1dfa624ed68dfc40a0b31dbf38.jpg
A3: 50 | B3: CẢM CÚM - VIÊM XOANG | C3: SP64856076 | D3: Xịt mũi Seesalt Baby Kingphar chai 70ml ( ) | F3: 16,000.0 | G3: 0.0 | H3: https://i.postimg.cc/JnMZHrbC/X-t-n-c-mu-i-bi-n-s-u-Seesalt-Baby-Kingphar-l-m-s-ch-m-i-1-chai-70ml-2.png
A4: 51 | B4: CẢM CÚM - VIÊM XOANG | C4: SP64856075 | D4: Xịt mũi Seesalt Kingphar chai 70ml ( ) | F4: 16,000.0 | G4: 0.0 | H4: https://i.postimg.cc/Dy8sXYbf/X-t-n-c-mu-i-bi-n-s-u-Seesalt-Kingphar-l-m-s-ch-m-i-1-chai-70ml-3.png
A5: 2 | B5: CẢM CÚM - VIÊM XOANG | C5: SP648595 | D5: Đa triệu chứng gói hộp 12 gói ( ) | F5: 42,000.0 | G5: 877.0 | H5: https://cdn2-retail-images.kiotviet.vn/2025/02/13/giabaopharma/7e0b804d613c4f878fd4ab458f3db5ac.jpg
A6: 3 | B6: CHỐNG VIÊM | C6: SP648573 | D6: Sivkort-triamcinolone 80mg tiêm hộp 5 ống *2ml Đài Loan date 6/2027 ( TRIAM SIV ) | F6: 139,000.0 | G6: 138,001.0 | H6: https://cdn2-retail-images.kiotviet.vn/2024/12/19/giabaopharma/d0a6b7d4a147478e8858e361a65fc90a.jpg,https://cdn-images.kiotviet.vn/2024/12/19/giabaopharma/9714c8518c66419fb08c02b7c2a7d6a7.jpg
A7: 4 | B7: CHỐNG VIÊM | C7: SP648560 | D7: date 9/2027 Lisanolonola Triamcinolone Acetonide 80mg/2ml ( H/5 ống x 2ml) ( TRIAM LISA ) | F7: 350,000.0 | G7: 3,532.0 | H7: https://cdn-images.kiotviet.vn/2024/12/09/giabaopharma/aa4d25c9ac934935b34d33e5977ec63f.jpg
A8: 218 | B8: CHỐNG VIÊM | C8: SP648520 | D8: ( date 12/2026) Colcigen colchicine 1mg Celogen ( Hộp 10 vỉ x 10 viên ) ( COL COLCH ) | F8: 48,000.0 | G8: 0.0 | H8: https://cdn-images.kiotviet.vn/giabaopharma/c8537616b8bf4b2b8541f064a499a9a4.jpg
A9: 5 | B9: CHỐNG VIÊM | C9: SP648515 | D9: (Date 10/2026) Boston Methylboston 4mg( Hộp 30 viên) ( METHY 4 ) | F9: 21,000.0 | G9: 10,000.0 | H9: https://cdn2-retail-images.kiotviet.vn/giabaopharma/1801bb0c2ea54428a64ea9c40b58c51a.jpg
A10: 224 | B10: CHỐNG VIÊM | C10: SP648514 | D10: (DATE 7/25) Ibuprofen 400 Umedica ( hộp 10 vỉ x 10 viên) ( IBU UME ) | F10: 31,000.0 | G10: 0.0 | H10: https://cdn-images.kiotviet.vn/giabaopharma/63320416cc504723b5242c7220caacd5.jpg
A11: 236 | B11: CHỐNG VIÊM | C11: SP648499 | D11: (1/26) Panecox-90 Etoricoxib Acme Formulation 90mg (H/ 3 vỉ x 10 viên) ( ETO 90 ) | F11: 51,000.0 | G11: 0.0 | H11: https://cdn-images.kiotviet.vn/giabaopharma/de009112a6044b4e8c4dd91c32a21c41.jpg,https://cdn2-retail-images.kiotviet.vn/giabaopharma/b0be9c5e65b147988e8b5918a7ea33d3.jpg,https://cdn-images.kiotviet.vn/giabaopharma/313a468c311f405198387a25d9d3b3cc.jpg,https://cdn2-retail-images.kiotviet.vn/giabaopharma/e638b1f3207c488d9ddfac570de067ff.jpg,https://cdn2-retail-images.kiotviet.vn/giabaopharma/14433434a7be4482a0e02bb9d653e579.jpg
A12: 269 | B12: CHỐNG VIÊM | C12: Q302281223 | D12: (DateT10/27) Tuýp Vivian Diclofenac Gel BP 30g Lincoln ( DICLO VI ) | F12: 17,000.0 | G12: 0.0 | H12: https://cdn-images.kiotviet.vn/giabaopharma/adc3a78e7e5b4503976f173429370b31.png,https://cdn-images.kiotviet.vn/giabaopharma/9fa484bdd1664c56868d678e86154c67.png,https://cdn-images.kiotviet.vn/giabaopharma/fcc49c655b8e4fd5b065b16bc7266db9.png,https://cdn-images.kiotviet.vn/giabaopharma/e7f3520f986940ae8ced32d7cef84778.png,https://cdn-images.kiotviet.vn/giabaopharma/8d5b7067fd704aa4b81e4520bd76f95a.png
A13: 289 | B13: CHỐNG VIÊM | C13: Q302171023 | D13: (DateT9/24) Alphachymotrypsin Chymotrypsin 4,2mg S.Pharm (Hộp 5 vỉ x 10 viên nén) ( ALPHA CHY ) | F13: 19,000.0 | G13: 0.0 | H13: https://cdn2-retail-images.kiotviet.vn/giabaopharma/28b3a63e256a4b9db33fe6f49a80548c.png
A14: 453 | B14: CHỐNG VIÊM | C14: Q302120923 | D14: (DateT6/26) Meloxicam Tablets 7.5mg Flamingo (Hộp 10 vỉ x 10 viên nén) ( MELO 01 ) | F14: 18,000.0 | G14: 0.0 | H14: https://product.hstatic.net/200000428801/product/20_972e3abf702349a395217070fdbba513.png
A15: 6 | B15: CHỐNG VIÊM | C15: Q30231032385 | D15: Prednison 5mg Robinson (lọ 1000 viên nén) 03/2027 ( PRED RO ) | G15: 899.0 | H15: https://product.hstatic.net/200000428801/product/upload_ce7a8f41df88491ab6bad1ab99a9b163.jpg
A16: 1843 | B16: CHỐNG VIÊM | C16: Q302290323173 | D16: (DateT2/25) Pyclin 150 Clindamycin 150mg Pymepharco (hộp 10 vỉ x 10 viên nang) ( CLIN PY ) | F16: 116,000.0 | G16: 0.0 | H16: https://product.hstatic.net/200000428801/product/21144cdb94064a50af77bb34ef999079_10e7d5650aaa4eb1a18b03ad0705e86c.png
A17: 3573 | B17: CHỐNG VIÊM | C17: Q30200406 | D17: Umeran 75 Umedical Lab Diclofenac Sodium 75mg ( H/10 ống x 3ml) ( DICLO UME ) | F17: 11,000.0 | G17: 0.0 | H17: https://product.hstatic.net/200000428801/product/zalo_screenshot_19_11_2021_639360_58de639c7a1f48f5b9e9787c00bf9f09.png
A18: 3577 | B18: CHỐNG VIÊM | C18: Q30200200 | D18: (Date 3/26) Triamcinolone Flamingo 4mg (H/ 10 vỉ x10 viên) ( TRIAM FLA ) | F18: 53,000.0 | G18: 0.0 | H18: https://product.hstatic.net/200000428801/product/964544e9bcf478aa21e5_e57df4bd23a646d28d009655f4ed5985.jpg
A19: 7 | B19: CHỐNG VIÊM | C19: Q30200086 | D19: (Date 02/27) Triamcinolone Brawn Lab 4mg (H/10 vỉ x 10 viên) ( TRIAM BRA ) | F19: 60,000.0 | G19: 108,877.0 | H19: https://cdn2-retail-images.kiotviet.vn/2025/10/30/giabaopharma/c270c26bab8447dd95909798f87b9cc8.jpg
A20: 3648 | B20: CHỐNG VIÊM | C20: Q30200358 | D20: Preforin Injection Methylprednisolon Myungmoon (H/ 10 lọ bột pha tiêm) ( MRTHY PRE ) | F20: 186,000.0 | G20: 0.0 | H20: https://product.hstatic.net/200000428801/product/bf47feeb1bcad89481db_886af90df7824ef182a91f7a4f26ae3a.jpg
A21: 3676 | B21: CHỐNG VIÊM | C21: Q30200054 | D21: Pamatase methylprednisolone 40mg Hàn Quốc (H/10 ống) ( METHY PAMA ) | F21: 301,000.0 | G21: 0.0 | H21: https://product.hstatic.net/200000428801/product/pamatase_methylprednisolone_sodium_40mg_hop_10_lo_tiem_han_quoc_86a78d99fa4749abb1ead533b948dce9.jpg
A22: 8 | B22: CHỐNG VIÊM | C22: Q30200314 | D22: (9/27) Ospexin cefalexin áo 500mg(vỉ /10v) ( CEFA OSPE ) | F22: 29,500.0 | G22: 999,970.0 | H22: https://product.hstatic.net/200000428801/product/20211211_145447_5e2d590df28e4bf2b4939542f1e104cd.png
A23: 3696 | B23: CHỐNG VIÊM | C23: Q30200188 | D23: (Date 2/28) Notenxic Triamcinolon USP (H/10 vỉ x 10 viên) ( TRIAM NOTEN ) | F23: 47,000.0 | G23: 0.0 | H23: https://cdn1-retail-images.kiotviet.vn/2026/01/15/giabaopharma/2349c757f04047c183cdaa9648a96b7c.jpg
A24: 9 | B24: CHỐNG VIÊM | C24: Q30200244 | D24: Methylprednisolon 16 Khapharco Methylprednisolon 16mg (H/10 vỉ x 10 viên) ( METHY 16 ) | F24: 86,000.0 | G24: 98,494.0 | H24: https://cdn2-retail-images.kiotviet.vn/2026/02/03/giabaopharma/dfb5d3b8805c4e4f86a34bfeb75d8a3a.jpg
A25: 3730 | B25: CHỐNG VIÊM | C25: Q30200084 | D25: (03/27) Metasone Brawn Lab Betamethasone 0.5 mg (H/10 vỉ x 10 viên) ( BETA META ) | F25: 46,000.0 | G25: ######## | H25: https://cdn1-retail-images.kiotviet.vn/2026/01/09/giabaopharma/cb53cf1cc7e948b98317775e37236587.jpg
A26: 10 | B26: CHỐNG VIÊM | C26: Q30200107 | D26: ( Date 08/27) Meloxicam Brawn Lab 7,5mg (H/10 vỉ x 10 viên) ( CELE MIC ) | F26: 22,000.0 | G26: 980,730.0 | H26: https://cdn2-retail-images.kiotviet.vn/2025/12/31/giabaopharma/bd52447d83e947a589f0aea629f61700.jpg
A27: 3887 | B27: CHỐNG VIÊM | C27: Q30200419 | D27: Diclotabs -50 Diclofenac Natri 50mg Axon (H/ 10 vỉ * 10 viên) ( DICLO TAB ) | F27: 20,500.0 | G27: 0.0 | H27: https://product.hstatic.net/200000428801/product/9a026ebaa2b761e938a6_b3f21e3bd1004a3db0315f98464f093a.jpg
... A166: 3995 | B166: HO - LONG ĐỜM | C166: Q30200538 | D166: Bổ phổi Thuymododulin dạng viên (H/ 30 viên) ( Q30200538 ) | F166: 45,000.0 | G166: 0.0 | H166: https://product.hstatic.net/200000428801/product/5eadf94e1013de4d8702_855a6fc93edc4d59bddf9131cfddd3db.png
A167: 3996 | B167: HO - LONG ĐỜM | C167: Q30200575 | D167: Bộ kit Trueline Covid-19 Ag Rapid Test Medicon (H/ 25 bộ) ( Q30200575 ) | G167: 0.0 | H167: https://product.hstatic.net/200000428801/product/truline_44e0cd6ff7f0457f83680700a3d87e96.jpg
A168: 4025 | B168: HO - LONG ĐỜM | C168: Q30200568 | D168: Asthalin Inhaler Cipla ( H/ 1 ống hít) ( ASTHA ) | F168: 64,000.0 | G168: 0.0 | H168: https://product.hstatic.net/200000428801/product/thiet_ke_khong_ten__47__8b5c90b4eb7b4240a9280a91d6187b96.png
A169: 4043 | B169: HO - LONG ĐỜM | C169: Q30200541 | D169: Ambroxol An Thiên 30mg (C/30ml) ( AMBRO AT ) | F169: 23,500.0 | G169: 0.0 | H169: https://product.hstatic.net/200000428801/product/zalo_screenshot_17_11_2021_953653_ce3de0b521484f88a441f02097799bc8.png
A170: 4044 | B170: HO - LONG ĐỜM | C170: Q30200553 | D170: Ambroflam Ambroxol Flamigo 30mg (H/100 viên) ( AMBRO 2 ) | F170: 36,000.0 | G170: 0.0 | H170: https://product.hstatic.net/200000428801/product/thiet_ke_khong_ten__44__fbe6376928a446d3bc36d708004fd6ee.png
A171: 60 | B171: KHÁNG HISTAMIN - DỊ ỨNG | C171: SP64856117 | D171: Amoxicillin 500mg Ấn aurobindo hộ 100 viên | F171: 86,000.0 | G171: 1,000.0 | H171: https://cdn2-retail-images.kiotviet.vn/2026/03/19/giabaopharma/2834f92c00a144b8b65b3adf95477f84.jpg
A172: 61 | B172: KHÁNG HISTAMIN - DỊ ỨNG | C172: SP64856015 | D172: Bostanex siro 30 ml -desloratadine Boston ( DESLORA ) | F172: 30,000.0 | G172: 998.0 | H172: https://cdn2-retail-images.kiotviet.vn/2025/03/28/giabaopharma/b7befa3c0ef84a75ad3e82ab488b999c.jpg
A173: 62 | B173: KHÁNG HISTAMIN - DỊ ỨNG | C173: SP648588 | D173: Colegis siro 60ml ( COLE ) | F173: 37,000.0 | G173: 991.0 | H173: https://cdn2-retail-images.kiotviet.vn/2025/02/06/giabaopharma/aa3b651794ab4fc3bba80effcf1979fa.jpg
A174: 63 | B174: KHÁNG HISTAMIN - DỊ ỨNG | C174: SP648538 | D174: Fexofenadine 180mg US hộp 10 viên ( FEXO 180 ) | F174: 20,000.0 | G174: 972.0 | H174: https://cdn2-retail-images.kiotviet.vn/2025/02/25/giabaopharma/a86faeefd85a43a0832d5eddf100f8cc.jpg
A175: 230 | B175: KHÁNG HISTAMIN - DỊ ỨNG | C175: SP648508 | D175: (DATE 5/25) LORATADINE ATADYN Tablets USP 10mg (Hộp 10x10 Tablets) ( LORA 1 ) | F175: 22,000.0 | G175: 0.0 | H175: https://cdn2-retail-images.kiotviet.vn/giabaopharma/62824fbd8dee4bb8976511b0af6da67d.png
A176: 64 | B176: KHÁNG HISTAMIN - DỊ ỨNG | C176: SP648482 | D176: (Date 11/2026) Cetirizin cetirizine Boston (H/ 10 vỉ x 10 viên) ( CETI BOS ) | F176: 38,000.0 | G176: 44.0 | H176: https://cdn2-retail-images.kiotviet.vn/giabaopharma/6af0d69637db48249416a256798d55f4.jpg,https://cdn2-retail-images.kiotviet.vn/giabaopharma/5bb9a4f8561b44039bd0a2cf41c63711.jpg,https://cdn2-retail-images.kiotviet.vn/giabaopharma/1d055a11c8ba4428b0e1f3a53be56b73.jpg,https://cdn2-retail-images.kiotviet.vn/giabaopharma/cb86ee0db2664d8aa953bf6986bec88c.jpg,https://cdn2-retail-images.kiotviet.vn/giabaopharma/796f18864e634a09b69f0782f48ec73f.jpg
A177: 281 | B177: KHÁNG HISTAMIN - DỊ ỨNG | C177: Q302071123 | D177: Pacifdine Loratadine Tablets USP 10mg Baroque Ấn Độ (Hộp 10 vỉ x 10 viên nén) ( LORA 2 ) | F177: 23,500.0 | G177: 0.0 | H177: https://cdn-images.kiotviet.vn/giabaopharma/cb95607d9556427f8bfd055e791b0863.png,https://cdn-images.kiotviet.vn/giabaopharma/fdd25faef33b4e6693076532c248595c.png,https://cdn-images.kiotviet.vn/giabaopharma/c86b6a8640f54d259d018129cf059d22.png,https://cdn-images.kiotviet.vn/giabaopharma/5c12f7d7cb7f4ecc8193ed992eab010b.png,https://cdn-images.kiotviet.vn/giabaopharma/fb43c9818fa3452184d8a148142493d6.png
A178: 469 | B178: KHÁNG HISTAMIN - DỊ ỨNG | C178: Q302003356 | D178: (DateT3/25) Sagades Desloratadine Tablets 5mg Ấn Độ (Cọc 5 hộp - hộp 3 vỉ x 10 viên) ( DESLORA 2 ) | F178: 70,000.0 | G178: 0.0 | H178: https://product.hstatic.net/200000428801/product/05c4a991bfb148eaaf842a3d1917ef25_11429232e6c44ded9080c3863fee7f87.png
A179: 3441 | B179: KHÁNG HISTAMIN - DỊ ỨNG | C179: Q302774937 | D179: (DateT11/24) AT Desloratadin 2.5mg An Thiên (Hộp 1 chai x 30ml) ( DESLORA 4 ) | F179: 0.0 | G179: 0.0 | H179: https://product.hstatic.net/200000428801/product/55fbf2acff1f4ab1a51d3e621c1a88a6_c0e19a792d3c44cda65bfb1c250916cd.png
... A350: 153 | B350: KHÁNG SINH - KHÁNG VIRUS | C350: Q30200143 | D350: (date 02/28) BenoBoston Dexclorpheniramin maleat (L/500v) ( BENO DEXC ) | F350: 96,000.0 | G350: 99,768.0 | H350: https://product.hstatic.net/200000428801/product/141ff60b97db56850fca_c05cb853a9bd4db584e0f30dee9e85de.jpg
A351: 4011 | B351: KHÁNG SINH - KHÁNG VIRUS | C351: Q30200623 | D351: Aziwok-500 Ấn Độ Azithromycin 500g (H/3 vỉ x10 viên) ( AZI 500 AR ) | F351: 0.0 | G351: 0.0
A352: 4012 | B352: KHÁNG SINH - KHÁNG VIRUS | C352: Q30200105 | D352: (Date 2025 ) Azithromycin 250 Armephaco (1 vỉ x 6 viên) ( AZI 250 ) | F352: 13,500.0 | G352: 0.0 | H352: https://product.hstatic.net/200000428801/product/ea95bb68dbb81ae643a9_92fb4d21dcbc40339ca7e5990bc8b465.jpg
A353: 4014 | B353: KHÁNG SINH - KHÁNG VIRUS | C353: Q30200301 | D353: (date T4/2024) Avir Aciclovir 200mg Brawn (H/5 vỉ x 10 viên) ( ACI ACY ) | F353: 32,000.0 | G353: 0.0 | H353: https://product.hstatic.net/200000428801/product/zalo_screenshot_18_11_2021_621903_6aa461a9921941ca9bc60bb26a2ed747.png
A354: 154 | B354: KHÁNG SINH - KHÁNG VIRUS | C354: Q30200002 | D354: Augxicine 500mg/62,5mg Amoxicilin Vidipha (H/10 gói *1000mg) ( AMOX AUG ) | F354: 29,000.0 | G354: 7,562.0 | H354: https://product.hstatic.net/200000428801/product/521c637002a0c3fe9ab1_cfdee4322d9b480d93f8ae2f3ecbf1fb.jpg
A355: 155 | B355: KHÁNG SINH - KHÁNG VIRUS | C355: Q30200474 | D355: Augxicine Amoxicillin Vidipha 1g (H/100 viên) ( AMOX AUG 2 ) | F355: 365,000.0 | G355: 910.0 | H355: https://cdn2-retail-images.kiotviet.vn/2025/02/13/giabaopharma/b676b3df8143429fb08dee0deded5f62.jpg
A356: 156 | B356: KHÁNG SINH - KHÁNG VIRUS | C356: Q30200008 | D356: Augxicine 250mg/31,25mg Amoxicilin Vidipha (H/ 10 gói 800mg) ( AMOX AUG 3 ) | F356: 21,000.0 | G356: 7,708.0 | H356: https://cdn2-retail-images.kiotviet.vn/2026/02/07/giabaopharma/b8b6d847937244619f2a6b37d52f4433.jpg
A357: 4019 | B357: KHÁNG SINH - KHÁNG VIRUS | C357: Q3020000706 | D357: Augtipha 625mg Amoxicilin Tipharco (H/ 20 viên) ( AMOX ) | F357: 66,000.0 | G357: 0.0 | H357: https://product.hstatic.net/200000428801/product/auti_0d857fc3bfea4ecfb1e8d1881470ff98.jpg
A358: 4020 | B358: KHÁNG SINH - KHÁNG VIRUS | C358: Q30200571 | D358: Augtipha 1g Augtipha Tipharco (H/ 20 viên) ( AUG 1G ) | F358: 74,000.0 | G358: 0.0 | H358: https://product.hstatic.net/200000428801/product/a9bee4ff40e48abad3f5_88e308b45786446197c3838d377b3138.jpg
A359: 157 | B359: KHÁNG SINH - KHÁNG VIRUS | C359: Q30200322 | D359: Atasic Cefixim 200mg USP (H/30 viên) ( CEFI ATA ) | F359: 53,000.0 | G359: 1,800.0 | H359: https://product.hstatic.net/200000428801/product/97724da82d78ec26b569_0f70677074d046dda6f495576f7accda.jpg
A360: 158 | B360: KHÁNG SINH - KHÁNG VIRUS | C360: Q30200104 | D360: (Date 09/27) Ampicillin 500mg Brawn (H/10 vỉ x 10 viên) ( AMPI BRAW ) | F360: 100,000.0 | G360: 5,590.0 | H360: https://cdn1-retail-images.kiotviet.vn/2026/01/10/giabaopharma/bc4531c349114e11a74d5e8a77fbfdce.jpg
A361: 159 | B361: KHÁNG SINH - KHÁNG VIRUS | C361: Q30200278 | D361: (Date 04/28) Amoxicillin Capsules 500mg Vidipha (H/ 100 viên) ( AMOX DIVI ) | F361: 71,000.0 | G361: 109,974.0 | H361: https://cdn1-retail-images.kiotviet.vn/2026/03/10/giabaopharma/0d5b5a329aaa4428a4fd35c7bf873328.jpg
A362: 160 | B362: KHÁNG SINH - KHÁNG VIRUS | C362: Q3020000656 | D362: (Date 08/27) Amoxicillin 500mg Brawn (H/10 vỉ x 10 viên) ( AMOX BRAW ) | F362: 95,000.0 | G362: 3,132.0 | H362: https://cdn1-retail-images.kiotviet.vn/2026/01/10/giabaopharma/2e9738929df943a3988938b59ded855e.jpg
A363: 4039 | B363: KHÁNG SINH - KHÁNG VIRUS | C363: Q30200157 | D363: Amoxicillin 500Mg Flamingo (H/ 10 vỉ x 10 viên) ( AMOX FLA ) | F363: 80,000.0 | G363: 0.0 | H363: https://product.hstatic.net/200000428801/product/0643b28a7a76ba28e367_98fd6e61c79249fb967ec5ac57b56443.jpg
... A482: 216 | B482: SINH LÝ - THẬN - TIẾT NIỆU | C482: Q30200019 | D482: Bổ Thận Nam HD ( C/ 30 viên) ( Q30200019 ) | F482: 56,000.0 | G482: 949.0 | H482: https://product.hstatic.net/200000428801/product/36_6ae541bcc9e04e0cac51a6ac2e81c2e1.png
A483: 3992 | B483: SINH LÝ - THẬN - TIẾT NIỆU | C483: Q30200011 | D483: Bổ Thận Nam Hải Dương (C/30 viên) xanh dương ( Q30200011 ) | F483: 43,000.0 | G483: 0.0
A484: 217 | B484: SINH LÝ - THẬN - TIẾT NIỆU | C484: Q30200007 | D484: Bổ Thận Âm Roxtech HD Pharma Cho Cả Nam Và Nữ (H/30V) ( Q30200007 ) | F484: 56,000.0 | G484: 37.0 | H484: https://cdn-images.kiotviet.vn/2025/05/24/giabaopharma/5e43971057474bc09470b0487b8cd485.jpg
A485: 4009 | B485: SINH LÝ - THẬN - TIẾT NIỆU | C485: Q3020000709 | D485: Bao Cao Su Dreamtana Tân Á (H/10 cái) ( DREAM ) | F485: 18,000.0 | G485: 0.0 | H485: https://product.hstatic.net/200000428801/product/dre_e10a32f6693c4bdead0b1f74420fef16.jpg
A486: 4032 | B486: SINH LÝ - THẬN - TIẾT NIỆU | C486: Q3020000693 | D486: (DateT9/26) Androz Sildenafi Torrent (H/4 viên) ( SILDEN AND ) | F486: 31,000.0 | G486: 0.0 | H486: https://product.hstatic.net/200000428801/product/b8671c839f23517d0832_1e48b536d37a4dab9c48fd22fec9c8cc.jpg
A487: 218 | B487: TÁC DỤNG TRÊN RUỘT | C487: SP64856105 | D487: Esoragim 20(esomeprazol 20mg) agimex hộp 14 viên | F487: 30,000.0 | G487: 994.0 | H487: https://cdn1-retail-images.kiotviet.vn/2026/01/06/giabaopharma/b062c71a01794839b809654c34c24d25.jpg
A488: 219 | B488: TÁC DỤNG TRÊN RUỘT | C488: SP64856104 | D488: Esoragim 40mg(esomeprazol) hộp 4 vỉ *7 viên | F488: 47,000.0 | G488: 916.0 | H488: https://cdn1-retail-images.kiotviet.vn/2026/01/05/giabaopharma/ff5dece954de423ea8d774cc36ce056f.jpg
A489: 220 | B489: TÁC DỤNG TRÊN RUỘT | C489: SP64856103 | D489: Pasigel hộp 30 gói *5ml | F489: 52,000.0 | G489: 984.0 | H489: https://cdn2-retail-images.kiotviet.vn/2025/12/30/giabaopharma/08554e8d288e44d7b63f9277774b8667.png,https://cdn2-retail-images.kiotviet.vn/2025/12/24/giabaopharma/b5bf6651233d48a5b06aed0f3dc29027.jpg,https://cdn2-retail-images.kiotviet.vn/2025/12/30/giabaopharma/f3f2d113711541208cf9d62ca477cdf8.png,https://cdn2-retail-images.kiotviet.vn/2025/12/30/giabaopharma/5020ccafbb1242ca859505d1c56ffd3b.png,https://cdn2-retail-images.kiotviet.vn/2025/12/30/giabaopharma/b7f4397804184a059bb9dbb151959d90.png
A490: 221 | B490: TÁC DỤNG TRÊN RUỘT | C490: SP64856102 | D490: Biogabulin-Plus hộp 100 viên | F490: 60,000.0 | G490: 95.0 | H490: https://cdn2-retail-images.kiotviet.vn/2025/12/30/giabaopharma/6584ee3c3c0648668bc71c7c800baf04.png,https://cdn2-retail-images.kiotviet.vn/2025/12/30/giabaopharma/b291ec684f1a4d0eb2389c43c9fde0b9.png,https://cdn2-retail-images.kiotviet.vn/2025/12/30/giabaopharma/c74e5058a3d84e969f231db6ffd448f7.png,https://cdn2-retail-images.kiotviet.vn/2025/12/30/giabaopharma/ca0c1ff42bee4e3bab67f8006de8f7b3.png
A491: 26 | B491: TÁC DỤNG TRÊN RUỘT | C491: SP64856099 | D491: Biogabulin-plus men tiêu hóa hộp 100 viên | F491: 52,000.0 | G491: 0.0 | H491: https://cdn2-retail-images.kiotviet.vn/2025/12/30/giabaopharma/64ad9b3568844108a8dd210788de0c9d.png,https://cdn2-retail-images.kiotviet.vn/2025/12/30/giabaopharma/45eb4a16dc0f4c1d9e90070eff14be7e.png,https://cdn2-retail-images.kiotviet.vn/2025/12/30/giabaopharma/4b51d629b22d4fdea37f57a183a7ab43.png,https://cdn2-retail-images.kiotviet.vn/2025/12/30/giabaopharma/ab97e39781ee4ef3987d9ab8ef33b31c.png
A492: 222 | B492: TÁC DỤNG TRÊN RUỘT | C492: SP64856098 | D492: Pasigel hộp 50 gói *5ml | F492: 52,000.0 | G492: 989.0 | H492: https://cdn2-retail-images.kiotviet.vn/2025/12/22/giabaopharma/583032d2b1ac40768473b1f867150520.jpg
A493: 223 | B493: TÁC DỤNG TRÊN RUỘT | C493: SP64856092 | D493: Trimeboston 100 viên nén hộp 5 vỉ*10 viên | F493: 39,000.0 | G493: 999.0 | H493: https://cdn2-retail-images.kiotviet.vn/2025/11/06/giabaopharma/8478895b04e744fdb8bfc52c1fe09830.jpg
A494: 224 | B494: TÁC DỤNG TRÊN RUỘT | C494: SP64856091 | D494: Lobrmin (loperamid 2ng) hộp 100 viên SAGA | F494: 24,000.0 | G494: 8,885.0 | H494: https://cdn2-retail-images.kiotviet.vn/2025/10/29/giabaopharma/dfb0317260d6493cb2e27041cd4d1f16.jpg
A495: 225 | B495: TÁC DỤNG TRÊN RUỘT | C495: SP64856085 | D495: Ramprazole 20 mg -rabeprazole 20 hộp 30 viên date 4/27 | F495: 28,000.0 | G495: 970.0 | H495: https://i.postimg.cc/5yNLSHRf/5a22299d19a644b0afccd0301af4c3b9.jpg
... A670: 285 | B670: TPCN | C670: SP648551 | D670: Doppelherz Aktiv-Meno giúp giảm các triệu chứng mãn kinh, bổ sung calci hộp 30 viên ( ) | F670: 289,000.0 | G670: 47.0 | H670: https://cdn2-retail-images.kiotviet.vn/2025/10/23/giabaopharma/043a6f4d51e04b0a9a5c2c522638046b.jpg
A671: 203 | B671: TPCN | C671: 8936123890667 | D671: Dầu gội phủ bạc COTECHPHARM màu đen ( ) | F671: 85,000.0 | G671: 0.0 | H671: https://cdn2-retail-images.kiotviet.vn/giabaopharma/c0dcb75ca68b4eb5b53c226728c28573.jpg
A672: 205 | B672: TPCN | C672: SP648536 | D672: FIBER INUFO hộp 20 ống * 10ml ( ) | F672: 26,000.0 | G672: 0.0 | H672: https://cdn2-retail-images.kiotviet.vn/2025/02/25/giabaopharma/82c9d8c038454de4a620199bcf15a6ce.jpg
A673: 210 | B673: TPCN | C673: SP648530 | D673: Sắt Fe DHA fish oil 400mg lọ 30 viên Vinaphar ( ) | F673: 27,000.0 | G673: 0.0 | H673: https://cdn-images.kiotviet.vn/giabaopharma/3da2514ac0b3459082db7d9a5932dc3b.png
A674: 211 | B674: TPCN | C674: SP648529 | D674: 15-B linhzhi gingseng hộp 100v nang VINAPHAR ( ) | F674: 38,000.0 | G674: 0.0 | H674: https://cdn-images.kiotviet.vn/giabaopharma/d9611b36c8df49f984d978f32e777971.jpg
A675: 213 | B675: TPCN | C675: SP648527 | D675: Aqua Calcium D3 vinaphar ( Hộp 20 ống * 10ml) date 6/2027 ( ) | F675: 25,000.0 | G675: 0.0 | H675: https://cdn2-retail-images.kiotviet.vn/giabaopharma/defa2b9761d44237816a3e41e492a92b.jpg
A676: 214 | B676: TPCN | C676: SP648526 | D676: Calcium D3 Mk7 Growup Kids Gold Vinaphar ( hộp 20 ống x 10ml) ( ) | F676: 25,000.0 | G676: 0.0 | H676: https://cdn2-retail-images.kiotviet.vn/giabaopharma/68bb4e32fd3b411390e91a8e8573b0af.jpg
A677: 221 | B677: TPCN | C677: SP648517 | D677: L- cystine Premium + GB beauty (H/60 viên) ( ) | F677: 82,000.0 | G677: ######## | H677: https://cdn-images.kiotviet.vn/2025/08/14/giabaopharma/25076de3fe004befbcb7407fee6a5a52.jpg
A678: 225 | B678: TPCN | C678: SP648513 | D678: (Date 4/2025) Thymo-Green Hà Tây (H 2 vỉ x 10 viên) ( THYMO HT ) | F678: 15,000.0 | G678: 0.0 | H678: https://cdn2-retail-images.kiotviet.vn/giabaopharma/ad55eaa97e2a4a3db07de6818094be77.jpg,https://cdn2-retail-images.kiotviet.vn/giabaopharma/30a950a13890403291cf2fe14b33c695.jpg,https://cdn-images.kiotviet.vn/giabaopharma/9606c3cf6bd74da28b2a9abf9f3838ae.jpg,https://cdn2-retail-images.kiotviet.vn/giabaopharma/5823351e7a9c463fbc1ef9157e954ceb.jpg,https://cdn2-retail-images.kiotviet.vn/giabaopharma/d69e810ac9ce4741a4e401a3193655c9.jpg
A679: 231 | B679: TPCN | C679: SP648507 | D679: Ăn ngủ ngon Yến Sào Nest Kids Vinaphar (H/ 20 ống) ( ) | F679: 26,000.0 | G679: 0.0 | H679: https://cdn2-retail-images.kiotviet.vn/giabaopharma/2c93c56fccc546208bff25d2c38e94fc.jpg,https://cdn-images.kiotviet.vn/giabaopharma/2365869aac0949d2bb2cdd208d53e5f2.jpg
A680: 238 | B680: TPCN | C680: SP648497 | D680: Omega DHA 900 Korya Vinarphar ( H/ 100 viên) ( OME 012 ) | F680: 39,000.0 | G680: 0.0 | H680: https://cdn2-retail-images.kiotviet.vn/2025/04/22/giabaopharma/524b219775f745d990b0f09a40648e57.jpg,https://cdn2-retail-images.kiotviet.vn/2025/05/29/giabaopharma/ed43fbc42d284f0d81ead90c29c1a52f.jpg,https://cdn2-retail-images.kiotviet.vn/2025/05/29/giabaopharma/f0b81e4ce6c744b896f4fb2f934f94de.jpg
A681: 240 | B681: TPCN | C681: SP648495 | D681: Vitamin 3B Vinaphar (H/ 100 viên) ( ) | F681: 28,000.0 | G681: 0.0 | H681: https://cdn-images.kiotviet.vn/giabaopharma/61a75fa49a6d484fb123c253393af570.jpg
A682: 241 | B682: TPCN | C682: SP648494 | D682: (12/3/27) 20B LINHZHI GINSENG Vinaphar (H/ 100 viên) ( ) | F682: 38,000.0 | G682: 0.0 | H682: https://cdn2-retail-images.kiotviet.vn/giabaopharma/8e33bff107cb42f3b6960ccfd7340575.jpg,https://cdn2-retail-images.kiotviet.vn/2025/05/29/giabaopharma/a9043049f8d24eaaad43cc81eeaf6137.jpg,https://cdn2-retail-images.kiotviet.vn/2025/05/29/giabaopharma/08623c270cbe44ebb26a14225c387a3e.jpg
A683: 242 | B683: TPCN | C683: SP648493 | D683: 15 B Linhzhi Gingseng Vinaphar (H/ 100 viên) ( ) | F683: 42,000.0 | G683: 0.0 | H683: https://cdn2-retail-images.kiotviet.vn/giabaopharma/eb182547dd8c44ccb7e13932d2496569.jpg
... A900: 180 | B900: KHÁC | C900: SP648563 | D900: selsun dầu gội trị gầu hộp 6 gói * 5ml ( ) | F900: 27,000.0 | G900: 0.0 | H900: https://cdn-images.kiotviet.vn/2024/12/13/giabaopharma/a73d32cd7777431eb747def38248a1a6.jpg
A901: 196 | B901: KHÁC | C901: SP648544 | D901: Mũ y tế bịch ( ) | F901: 49,000.0 | G901: 0.0
A902: 476 | B902: KHÁC | C902: Q3020262303 | D902: (Date 12/05/26) Dung Dịch Tiêm Supvizyn New Vitamin B Complex HDPharma (Hộp 12 ống x 2 ml) ( Q3020262303 ) | F902: 18,000.0 | G902: 0.0 | H902: https://product.hstatic.net/200000428801/product/0a428382ab3b48a6bdb284ce5f49fc2c_009f4e649cbe4f7cbad45cd9314ef4d6.jpg
A903: 347 | B903: KHÁC | C903: Q30200276 | D903: ( Date 2026) Xịt Răng Miệng Hami Care Bibita (H/ lọ 30ml) ( Q30200276 ) | F903: 52,000.0 | G903: 99,990.0 | H903: https://product.hstatic.net/200000428801/product/01c73350058ec9d0909f_64c94ef166054602808a2d8b94106a50.jpg
A904: 348 | B904: KHÁC | C904: Q30200513 | D904: Tinh Dầu Xả Chai Xit Chống Muỗi Zika (C/100ml) ( Q30200513 ) | F904: 35,000.0 | G904: 99,818.0 | H904: https://product.hstatic.net/200000428801/product/91_910ff517582843feb23338319bacc0de.png
A905: 349 | B905: KHÁC | C905: Q30200153 | D905: Dầu gội tóc đen Shitinsof Hán phương- Linh chi Amepro (H/3 gói 15ml) ( Q30200153 ) | F905: 19,000.0 | G905: 98,729.0 | H905: https://product.hstatic.net/200000428801/product/d603bea324b8eae6b3a9_40232a62ba0d4666a0cae39f3fe204cb.jpg
A906: 3883 | B906: KHÁC | C906: Q3020000712 | D906: Dung dịch khử khuẩn tay SDS Hand Rub (C/100ml) ( Q3020000712 ) | F906: 18,000.0 | G906: 0.0 | H906: https://product.hstatic.net/200000428801/product/e6678cfcf85b37056e4a_d6fbf756938c4831ac044a33ac4cf2a9.png
A907: 3884 | B907: KHÁC | C907: Q3020000711 | D907: (Date 3/25) Dung dịch khử khuẩn tay SDS Hand Rub (C/500ml) ( Q3020000711 ) | F907: 40,000.0 | G907: 0.0 | H907: https://product.hstatic.net/200000428801/product/585471af602aac74f53b_bd278d068da14bd897813699fa2b8415.jpg
A908: 350 | B908: KHÁC | C908: Q30200137 | D908: Dầu gội chống gàu Selsun (Chai 100ml) ( Q30200137 ) | F908: 78,000.0 | G908: 99,937.0 | H908: https://cdn2-retail-images.kiotviet.vn/2025/11/20/giabaopharma/9866d4f41f5c49f1846a5e147a7c422d.png
A909: 351 | B909: KHÁC | C909: Q30200196 | D909: Bông tẩy trang Jomi Ipek (Túi/ 120 miếng) ( Q30200196 ) | F909: 27,000.0 | G909: 9,812.0 | H909: https://product.hstatic.net/200000428801/product/bb7e2e7054279279cb36_390b3cffebae4ed49130ab94ba181f31.jpg
A910: 4026 | B910: KHÁC | C910: Q30200580 | D910: Asirub Ethanol An Sinh (C/500ml) ( ETHA ) | F910: 44,000.0 | G910: 0.0 | H910: https://product.hstatic.net/200000428801/product/387_987fa13fc3314277b0e0c3a28b85bd05.png
